'frequency','sig_1.db','sig_1.deg','sig_2.db','sig_2.deg','sig_3.db','sig_3.deg'
1,0,0,-4.34294264691e-006,-0.0572957604145,-4.34191392886e-006,-0.0580157604145
1.01392540756,0,0,-4.46473924745e-006,-0.0580936266866,-4.46368168248e-006,-0.0588236529801
1.02804473209,0,0,-4.58995159776e-006,-0.0589026035487,-4.58886436907e-006,-0.0596427957558
1.04236067398,0,0,-4.71867549142e-006,-0.0597228457193,-4.71755777742e-006,-0.0604733454046
1.05687597118,0,0,-4.85100940577e-006,-0.0605545100715,-4.84986034144e-006,-0.0613154607708
1.07159339982,0,0,-4.9870545877e-006,-0.0613977556627,-4.98587329841e-006,-0.0621693029106
1.08651577465,0,0,-5.12691511442e-006,-0.0622527437652,-5.12570070044e-006,-0.063035035123
1.10164594963,0,0,-5.27069798891e-006,-0.0631196378972,-5.26944951389e-006,-0.063912822981
1.11698681847,0,0,-5.41851320939e-006,-0.0639986038538,-5.41722972634e-006,-0.0648028343632
1.13254131515,0,0,-5.57047386378e-006,-0.0648898097388,-5.56915438523e-006,-0.0657052394858
1.14831241454,0,0,-5.72669620783e-006,-0.065793425997,-5.72533972124e-006,-0.0666202109355
1.16430313292,0,0,-5.88729975963e-006,-0.0667096254463,-5.88590522738e-006,-0.0675479237021
1.18051652857,0,0,-6.05240738834e-006,-0.0676385833116,-6.05097375256e-006,-0.0684885552123
1.19695570236,0,0,-6.22214541156e-006,-0.0685804772575,-6.22067156133e-006,-0.0694422853633
1.21362379834,0,0,-6.39664368502e-006,-0.0695354874226,-6.39512850269e-006,-0.0704092965575
1.23052400436,0,0,-6.57603570675e-006,-0.070503796454,-6.5744780332e-006,-0.0713897737372
1.24765955263,0,0,-6.76045872218e-006,-0.0714855895422,-6.75885736838e-006,-0.0723839044201
1.2650337204,0,0,-6.95005382538e-006,-0.0724810544564,-6.94840755603e-006,-0.0733918787351
1.28264983053,0,0,-7.14496606227e-006,-0.0734903815806,-7.1432736276e-006,-0.0744138894586
1.30051125217,0,0,-7.34534455211e-006,-0.0745137639497,-7.3436046493e-006,-0.0754501320514
1.31862140139,0,0,-7.55134259358e-006,-0.0755513972869,-7.54955389862e-006,-0.076500804696
1.33698374182,0,0,-7.76311778245e-006,-0.0766034800406,-7.76127892887e-006,-0.0775661083349
1.35560178533,0,0,-7.98083214076e-006,-0.0776702134227,-7.97894171196e-006,-0.0786462467083
1.37447909268,0,0,-8.20465222969e-006,-0.078751801447,-8.20270878978e-006,-0.0797414263938
1.39361927422,0,0,-8.43474928068e-006,-0.0798484509679,-8.43275133399e-006,-0.0808518568455
1.4130259906,0,0,-8.6712993266e-006,-0.0809603717207,-8.66924535141e-006,-0.0819777504341
1.43270295341,0,0,-8.91448334446e-006,-0.0820877763609,-8.91237176698e-006,-0.0831193224874
1.45265392595,0,0,-9.16448737789e-006,-0.0832308805052,-9.16231658286e-006,-0.084276791332
1.47288272391,0,0,-9.4215026924e-006,-0.084389902773,-9.41927102021e-006,-0.0854503783343
1.49339321612,0,0,-9.68572591713e-006,-0.0855650648277,-9.6834316532e-006,-0.0866403079434
1.5141893253,0,0,-9.95735919336e-006,-0.0867565914195,-9.9550005826e-006,-0.0878468077338
1.53527502878,0,0,-1.02366103365e-005,-0.087964710428,-1.02341855766e-005,-0.0890701084489
1.55665435927,0,0,-1.05236929818e-005,-0.0891896529063,-1.05212002261e-005,-0.0903104440451
1.57833140565,0,0,-1.08188267646e-005,-0.0904316531245,-1.08162640911e-005,-0.0915680517368
1.60031031374,0,0,-1.11222374746e-005,-0.0916909486152,-1.1119602942e-005,-0.0928431720413
1.62259528708,0,0,-1.14341572342e-005,-0.0929677802184,-1.14314488128e-005,-0.0941360488253
1.64519058775,0,0,-1.17548246762e-005,-0.0942623921278,-1.17520403003e-005,-0.0954469293512
1.6681005372,0,0,-1.20844851269e-005,-0.0955750319374,-1.20816226673e-005,-0.0967760643244
1.69132951703,0,0,-1.24233907891e-005,-0.0969059506889,-1.24204480529e-005,-0.0981237079413
1.71488196987,0,0,-1.27718009431e-005,-0.0982554029196,-1.27687756737e-005,-0.0994901179381
1.73876240022,0,0,-1.31299821382e-005,-0.0996236467113,-1.3126872025e-005,-0.10087555564
1.76297537529,0,0,-1.34982083974e-005,-0.101010943739,-1.34950110615e-005,-0.10228028601
1.7875255259,0,0,-1.38767614295e-005,-0.102417559323,-1.38734744273e-005,-0.103704577702
1.81241754737,0,0,-1.42659308489e-005,-0.103843762476,-1.42625516606e-005,-0.10514870311
1.83765620039,0,0,-1.46660143802e-005,-0.105289825958,-1.4662540428e-005,-0.106612938422
1.86324631193,0,0,-1.50773181116e-005,-0.106756026326,-1.50737467379e-005,-0.108097563671
1.88919277621,0,0,-1.55001567044e-005,-0.108242643989,-1.54964851657e-005,-0.109602862788
1.91550055557,0,0,-1.59348536484e-005,-0.10974996326,-1.59310791432e-005,-0.11112912366
1.94217468149,0,0,-1.63817415077e-005,-0.111278272411,-1.63778611508e-005,-0.112676638182
1.96922025548,0,0,-1.68411621689e-005,-0.112827863728,-1.68371729872e-005,-0.114245702313
1.99664245011,0,0,-1.7313467108e-005,-0.114399033568,-1.73093660504e-005,-0.115836616132
2.02444650998,0,0,-1.77990176603e-005,-0.115992082412,-1.77948015898e-005,-0.117449683899
2.05263775271,0,0,-1.82981852907e-005,-0.117607314927,-1.82938509768e-005,-0.119085214109
2.08122156999,0,0,-1.88113518837e-005,-0.119245040023,-1.88068960197e-005,-0.120743519553
2.11020342857,0,0,-1.9338910032e-005,-0.120905570909,-1.93343292089e-005,-0.122424917378
2.13958887134,0,0,-1.9881263342e-005,-0.122589225157,-1.98765540477e-005,-0.124129729145
2.16938351839,0,0,-2.04388267348e-005,-0.12429632476,-2.04339853617e-005,-0.125858280894
2.19959306803,0,0,-2.10120267671e-005,-0.126027196196,-2.10070496219e-005,-0.127610903205
2.23022329797,0,0,-2.16013019635e-005,-0.127782170487,-2.15961852379e-005,-0.129387931262
2.26128006634,0,0,-2.22071031417e-005,-0.129561583266,-2.22018429177e-005,-0.131189704914
2.29276931287,0,0,-2.28298937623e-005,-0.131365774837,-2.28244860176e-005,-0.133016568743
2.32469705999,0,0,-2.3470150287e-005,-0.133195090246,-2.34645908865e-005,-0.134868872129
2.357069414,0,0,-2.41283625348e-005,-0.135049879339,-2.41226472191e-005,-0.136746969318
2.38989256623,0,0,-2.48050340666e-005,-0.136930496838,-2.47991584643e-005,-0.138651219487
2.42317279424,0,0,-2.55006825575e-005,-0.138837302401,-2.54946421777e-005,-0.140581986814
2.45691646298,0,0,-2.62158402107e-005,-0.140770660694,-2.6209630438e-005,-0.142539640548
2.49113002607,0,0,-2.69510541447e-005,-0.142730941463,-2.69446702105e-005,-0.144524555082
2.52582002696,0,0,-2.7706886826e-005,-0.144718519598,-2.77003238613e-005,-0.146537110018
2.56099310026,0,0,-2.84839164956e-005,-0.146733775214,-2.84771694705e-005,-0.148577690247
2.59665597293,0,0,-2.92827376113e-005,-0.148777093715,-2.92758013665e-005,-0.150646686016
2.63281546565,0,0,-3.01039612957e-005,-0.150848865872,-3.00968305352e-005,-0.152744493008
2.66947849403,0,0,-3.09482158179e-005,-0.152949487898,-3.09408850747e-005,-0.154871512414
2.70665207003,0,0,-3.18161470596e-005,-0.155079361522,-3.18086107222e-005,-0.157028151013
2.74434330323,0,0,-3.27084190191e-005,-0.157238894067,-3.27006713343e-005,-0.159214821246
2.78255940221,0,0,-3.36257143173e-005,-0.159428498526,-3.36177493495e-005,-0.161431941297
2.82130767594,0,0,-3.45687347138e-005,-0.161648593645,-3.45605463655e-005,-0.163679935172
2.86059553518,0,0,-3.55382016505e-005,-0.163899603997,-3.55297836718e-005,-0.165959232783
2.90043049386,0,0,-3.65348568019e-005,-0.166181960069,-3.65262027365e-005,-0.168270270025
2.94082017059,0,0,-3.75594626434e-005,-0.168496098341,-3.75505658701e-005,-0.170613488865
2.98177229002,0,0,-3.86128030275e-005,-0.17084246137,-3.86036567506e-005,-0.17298933742
3.02329468441,0,0,-3.96956837951e-005,-0.173221497876,-3.96862810125e-005,-0.17539827005
3.06539529506,0,0,-4.0808933383e-005,-0.175633662825,-4.07992669056e-005,-0.177840747438
3.10808217387,0,0,-4.19534034568e-005,-0.178079417518,-4.19434658821e-005,-0.180317236684
3.15136348487,0,0,-4.31299695768e-005,-0.180559229679,-4.31197533117e-005,-0.18282821139
3.19524750576,0,0,-4.43395318437e-005,-0.183073573545,-4.43290290663e-005,-0.185374151751
3.23974262953,0,0,-4.55830156091e-005,-0.185622929954,-4.55722182767e-005,-0.187955544649
3.28485736603,0,0,-4.68613721738e-005,-0.188207786439,-4.68502720346e-005,-0.190572883744
3.33060034362,0,0,-4.81755795129e-005,-0.190828637322,-4.81641680738e-005,-0.193226669571
3.37698031083,0,0,-4.95266430303e-005,-0.193485983807,-4.9514911563e-005,-0.195917409632
3.42400613797,0,0,-5.09155963232e-005,-0.196180334074,-5.09035358495e-005,-0.198645618495
3.47168681893,0,0,-5.23435019766e-005,-0.198912203381,-5.23311032698e-005,-0.201411817893
3.5200314728,0,0,-5.38114523711e-005,-0.201682114158,-5.3798705937e-005,-0.204216536821
3.56904934568,0,0,-5.53205705252e-005,-0.204490596109,-5.53074666307e-005,-0.20706031164
3.61874981241,0,0,-5.68720109474e-005,-0.207338186313,-5.68585395613e-005,-0.20994368618
3.6691423784,0,0,-5.8466960522e-005,-0.210225429324,-5.84531113305e-005,-0.212867211839
3.72023668141,0,0,-6.0106639419e-005,-0.213152877282,-6.00924018268e-005,-0.215831447694
3.77204249342,0,0,-6.17923020263e-005,-0.216121090008,-6.17776651487e-005,-0.218836960606
3.82456972247,0,0,-6.35252379079e-005,-0.219130635123,-6.3510190543e-005,-0.221884325325
3.87782841459,0,0,-6.53067727928e-005,-0.222182088145,-6.52913034348e-005,-0.224974124606
3.93182875571,0,0,-6.71382695813e-005,-0.225276032607,-6.71223663793e-005,-0.228106949313
3.98658107358,0,0,-6.90211294031e-005,-0.228413060165,-6.90047802042e-005,-0.23128339854
4.0420958398,0,0,-7.09567926739e-005,-0.231593770712,-7.09399849598e-005,-0.234504079719
4.09838367176,0,0,-7.29467402029e-005,-0.234818772492,-7.29294611312e-005,-0.237769608739
4.15545533472,0,0,-7.49924943259e-005,-0.238088682218,-7.49747306637e-005,-0.241080610062
4.21332174385,0,0,-7.70956200715e-005,-0.241404125185,-7.707735823e-005,-0.244437716844
4.27199396631,0,0,-7.92577263521e-005,-0.244765735396,-7.92389523635e-005,-0.247841571055
4.33148322338,0,0,-8.14804672012e-005,-0.248174155679,-8.14611667051e-005,-0.251292823603
4.3918008926,0,0,-8.37655430388e-005,-0.25163003781,-8.37457012612e-005,-0.254792134456
4.45295850994,0,0,-8.61147019612e-005,-0.255134042638,-8.60943037259e-005,-0.258340172769
4.51496777204,0,0,-8.85297410928e-005,-0.258686840213,-8.85087707934e-005,-0.261937617013
4.57784053838,0,0,-9.10125079482e-005,-0.262289109912,-9.09909495434e-005,-0.265585155103
4.64158883361,0,0,-9.35649018564e-005,-0.265941540566,-9.35427388556e-005,-0.269283484531
4.70622484984,0,0,-9.61888754043e-005,-0.2696448306,-9.61660908433e-005,-0.273033312496
4.77176094894,0,0,-9.8886435935e-005,-0.273399688156,-9.88630123856e-005,-0.276835356043
4.83820966493,0,0,-0.000101659647079,-0.277206831235,-0.000101635566632,-0.280690342199
4.90558370637,0,0,-0.000104510630343,-0.281066987835,-0.000104485874556,-0.284599008109
4.97389595879,0,0,-0.000107441566718,-0.284980896083,-0.000107416116661,-0.288562101179
5.04315948717,0,0,-0.000110454698354,-0.288949304383,-0.000110428534561,-0.292580379219
5.11338753841,0,0,-0.000113552330283,-0.292972971555,-0.000113525432727,-0.296654610588
5.18459354389,0,0,-0.000116736832165,-0.297052666982,-0.000116709180279,-0.30078557434
5.25679112202,0,0,-0.000120010640114,-0.301189170755,-0.000119982212746,-0.304974060369
5.32999408084,0,0,-0.000123376258557,-0.305383273823,-0.000123347033949,-0.309220869567
5.40421642071,0,0,-0.000126836262151,-0.309635778144,-0.000126806217943,-0.313526813973
5.4794723369,0,0,-0.000130393297743,-0.313947496837,-0.000130362410952,-0.317892716927
5.5557762224,0,0,-0.000134050086409,-0.31831925434,-0.000134018333409,-0.322319413227
5.6331426706,0,0,-0.000137809425525,-0.322751886563,-0.000137776782016,-0.326807749294
5.71158647813,0,0,-0.000141674190905,-0.327246241052,-0.000141640631916,-0.331358583324
5.79112264764,0,0,-0.000145647339011,-0.331803177147,-0.000145612838879,-0.335972785461
5.87176639073,0,0,-0.000149731909202,-0.336423566148,-0.000149696441517,-0.340651237958
5.95353313081,0,0,-0.000153931026063,-0.341108291481,-0.000153894563694,-0.345394835344
6.03643850608,0,0,-0.000158247901801,-0.345858248867,-0.000158210416859,-0.350204484601
6.12049837248,0,0,-0.000162685838688,-0.350674346491,-0.000162647302488,-0.355081105329
6.20572880678,0,0,-0.000167248231599,-0.355557505178,-0.00016720861466,-0.360025629929
6.29214610961,0,0,-0.000171938570601,-0.360508658565,-0.000171897842622,-0.365039003775
6.37976680861,0,0,-0.000176760443623,-0.365528753284,-0.000176718573435,-0.370122185398
6.46860766155,0,0,-0.000181717539201,-0.370618749138,-0.000181674494771,-0.375276146666
6.55868565957,0,0,-0.000186813649298,-0.375779619285,-0.000186769397705,-0.380501872972
6.65001803043,0,0,-0.000192052672203,-0.381012350426,-0.000192007179581,-0.38580036342
6.74262224178,0,0,-0.000197438615515,-0.386317942991,-0.000197391847065,-0.391172631018
6.83651600451,0,0,-0.000202975599201,-0.39169741133,-0.000202927519141,-0.396619702867
6.93171727616,0,0,-0.00020866785875,-0.397151783907,-0.000208618430301,-0.40214262036
7.02824426431,0,0,-0.000214519748418,-0.402682103495,-0.000214468933763,-0.40774243938
7.12611543011,0,0,-0.000220535744542,-0.408289427376,-0.000220483504803,-0.413420230501
7.22534949179,0,0,-0.00022672044898,-0.413974827542,-0.000226666744187,-0.419177079192
7.32596542822,0,0,-0.000233078592613,-0.419739390898,-0.000233023381687,-0.425014086023
7.42798248256,0,0,-0.00023961503898,-0.425584219471,-0.000239558279682,-0.430932366876
7.53142016597,0,0,-0.000246334787977,-0.43151043062,-0.000246276436876,-0.436933053158
7.63629826128,0,0,-0.000253242979697,-0.437519157248,-0.000253182992151,-0.443017292015
7.74263682681,0,0,-0.000260344898346,-0.443611548016,-0.000260283228469,-0.449186246551
7.8504562002,0,0,-0.000267645976295,-0.449788767566,-0.000267582576905,-0.455441096051
7.95977700231,0,0,-0.000275151798224,-0.456051996739,-0.000275086620812,-0.461783036202
8.07062014115,0,0,-0.000282868105395,-0.462402432802,-0.0002828011001,-0.468213279326
8.18300681587,0,0,-0.00029080080004,-0.468841289675,-0.000290731915601,-0.474733054606
8.29695852083,0,0,-0.000298955949879,-0.475369798163,-0.0002988851336,-0.481343608322
8.41249704974,0,0,-0.000307339792746,-0.481989206188,-0.00030726699044,-0.488046204089
8.52964449974,0,0,-0.000315958741366,-0.488700779031,-0.000315883897339,-0.494842123097
8.64842327573,0,0,-0.000324819388262,-0.495505799566,-0.000324742445252,-0.501732664352
8.76885609459,0,0,-0.000333928510781,-0.502405568512,-0.000333849409926,-0.508719144928
8.89096598953,0,0,-0.000343293076283,-0.509401404673,-0.000343211757066,-0.515802900216
9.01477631452,0,0,-0.000352920247464,-0.516494645196,-0.000352836647676,-0.522985284173
9.14031074876,0,0,-0.000362817387837,-0.523686645817,-0.000362731443508,-0.530267669589
9.26759330115,0,0,-0.000372992067346,-0.530978781129,-0.000372903712733,-0.537651448339
9.39664831495,0,0,-0.00038345206817,-0.538372444832,-0.000383361235675,-0.545138031654
9.52750047243,0,0,-0.00039420539065,-0.545869050007,-0.000394112010776,-0.552728850384
9.66017479952,0,0,-0.00040526025942,-0.553470029381,-0.000405164260732,-0.560425355275
9.7946966707,0,0,-0.000416625129691,-0.561176835598,-0.000416526438751,-0.568229017241
9.93109181375,0,0,-0.000428308693701,-0.568990941499,-0.000428207234999,-0.576141327647
10.0693863148,0,0,-0.000440319887364,-0.576913840396,-0.00044021558328,-0.584163798587
10.2096066231,0,0,-0.00045266789711,-0.584947046362,-0.00045256066785,-0.592297963176
10.3517795563,0,0,-0.00046536216688,-0.593092094512,-0.0004652519304,-0.60054537584
10.4959323056,0,0,-0.000478412405365,-0.601350541301,-0.000478299077337,-0.60890761261
10.6420924406,0,0,-0.000491828593413,-0.609723964813,-0.000491712087131,-0.617386271422
10.7902879152,0,0,-0.000505620991657,-0.618213965066,-0.000505501217979,-0.625982972419
10.9405470721,0,0,-0.00051980014835,-0.626822164313,-0.000519677015655,-0.63469935826
11.092898649,0,0,-0.000534376907436,-0.635550207347,-0.000534250321519,-0.643537094433
11.2473717836,0,0,-0.000549362416824,-0.64439976182,-0.000549232280842,-0.652497869565
11.4039960197,0,0,-0.000564768136902,-0.653372518551,-0.000564634351283,-0.661583395749
11.5628013121,0,0,-0.000580605849305,-0.662470191853,-0.000580468311711,-0.670795408864
11.7238180329,0,0,-0.0005968876659,-0.671694519855,-0.000596746271099,-0.680135668907
11.8870769771,0,0,-0.000613626038047,-0.681047264828,-0.000613480677865,-0.689605960324
12.0526093687,0,0,-0.000630833766106,-0.690530213528,-0.000630684329339,-0.699208092348
12.2204468663,0,0,-0.000648524009211,-0.700145177523,-0.000648370381528,-0.708943899345
12.3906215695,0,0,-0.00066671029533,-0.709893993545,-0.000666552359201,-0.718815241156
12.5631660247,0,0,-0.000685406531579,-0.719778523832,-0.000685244166176,-0.728824003454
12.7381132319,0,0,-0.000704627014862,-0.729800656483,-0.000704460095961,-0.738972098098
12.9154966501,0,0,-0.000724386442775,-0.739962305815,-0.000724214842675,-0.749261463495
13.0953502048,0,0,-0.000744699924831,-0.750265412722,-0.000744523512252,-0.759694064966
13.2777082936,0,0,-0.000765582994004,-0.760711945047,-0.000765401633991,-0.770271895118
13.462605793,0,0,-0.000787051618575,-0.771303897948,-0.000786865172362,-0.780996974223
13.6500780655,0,0,-0.000809122214339,-0.782043294279,-0.000808930539296,-0.791871350594
13.8401609657,0,0,-0.000831811657127,-0.792932184969,-0.000831614606611,-0.802897100978
14.0328908479,0,0,-0.000855137295686,-0.803972649414,-0.000854934718941,-0.814076330942
14.2283045721,0,0,-0.00087911696493,-0.815166795861,-0.00087890870697,-0.825411175275
14.4264395122,0,0,-0.000903768999549,-0.826516761814,-0.00090355490105,-0.83690379839
14.627333562,0,0,-0.000929112248,-0.838024714431,-0.000928892145165,-0.848556394729
14.8310251434,0,0,-0.000955166086894,-0.849692850937,-0.000954939811331,-0.86037118918
15.037553213,0,0,-0.000981950435785,-0.861523399034,-0.000981717814397,-0.872350437492
15.2469572702,0,0,-0.00100948577236,-0.873518617321,-0.00100924662716,-0.884496426707
15.4592773642,0,0,-0.00103779314809,-0.885680795722,-0.00103754729613,-0.896811475581
15.6745541021,0,0,-0.00106689420424,-0.898012255912,-0.00106664145743,-0.90929793503
15.8928286562,0,0,-0.00109681118844,-0.910515351759,-0.0010965513534,-0.921958188563
16.1141427725,0,0,-0.00112756697161,-0.923192469762,-0.00112729984957,-0.934794652736
16.3385387781,0,0,-0.00115918506542,-0.936046029499,-0.00115891045202,-0.947809777606
16.5660595895,0,0,-0.00119168964025,-0.949078484087,-0.00119140732538,-0.961006047186
16.7967487209,0,0,-0.00122510554355,-0.962292320635,-0.00122481531124,-0.974385979916
17.0306502925,0,0,-0.00125945831889,-0.975690060713,-0.0012591599471,-0.987952129134
17.2678090388,0,0,-0.00129477422534,-0.989274260828,-0.00129446748579,-1.00170708356
17.5082703174,0,0,-0.00133108025756,-1.0030475129,-0.00133076491558,-1.01565346776
17.7520801172,0,0,-0.00136840416633,-1.01701244474,-0.00136807998066,-1.02979394266
17.9992850678,0,0,-0.00140677447973,-1.03117172056,-0.00140644120237,-1.04413120606
18.2499324482,0,0,-0.0014462205249,-1.04552804145,-0.00144587790086,-1.05866799307
18.5040701954,0,0,-0.00148677245035,-1.0600841459,-0.00148642021752,-1.07340707671
18.7617469144,0,0,-0.00152846124896,-1.07484281031,-0.00152809913784,-1.08835126837
19.0230118867,0,0,-0.00157131878159,-1.08980684947,-0.00157094651517,-1.10350341833
19.2879150802,0,0,-0.00161537780135,-1.10497911717,-0.00161499509482,-1.11886641633
19.5565071587,0,0,-0.00166067197857,-1.12036250662,-0.00166027853913,-1.1344431921
19.8288394913,0,0,-0.00170723592642,-1.1359599511,-0.00170683145308,-1.15023671586
20.1049641626,0,0,-0.00175510522726,-1.15177442442,-0.00175468941058,-1.16624999896
20.3849339825,0,0,-0.0018043164598,-1.16780894151,-0.00180388898165,-1.18248609434
20.6688024963,0,0,-0.00185490722687,-1.18406655899,-0.00185446776021,-1.19894809716
20.9566239948,0,0,-0.00190691618411,-1.20055037572,-0.00190646439272,-1.21563914538
21.248453525,0,0,-0.00196038306934,-1.21726353336,-0.00195991860758,-1.23256242031
21.5443469003,0,0,-0.00201534873287,-1.23420921699,-0.00201487124541,-1.24972114719
21.8443607115,0,0,-0.00207185516851,-1.25139065568,-0.00207136429004,-1.26711859584
22.1485523373,0,0,-0.00212994554558,-1.26881112308,-0.00212944090056,-1.28475808122
22.4569799554,0,0,-0.00218966424173,-1.28647393802,-0.00218914544407,-1.30264296407
22.7697025538,0,0,-0.00225105687669,-1.30438246516,-0.00225052352949,-1.3207766515
23.0867799419,0,0,-0.00231417034695,-1.32254011557,-0.00231362204217,-1.33916259765
23.4082727618,0,0,-0.00237905286145,-1.34095034737,-0.0023784891796,-1.35780430431
23.7342425002,0,0,-0.00244575397822,-1.35961666639,-0.00244517448806,-1.37670532156
24.0647515002,0,0,-0.00251432464203,-1.37854262676,-0.00251372890023,-1.39586924843
24.3998629726,0,0,-0.00258481722312,-1.39773183163,-0.00258420477391,-1.41529973358
24.7396410089,0,0,-0.002657285557,-1.41718793377,-0.00265665593181,-1.43500047594
25.0841505928,0,0,-0.00273178498532,-1.43691463629,-0.00273113770245,-1.45497522539
25.433457613,0,0,-0.00280837239794,-1.45691569329,-0.00280770696221,-1.47522778347
25.7876288759,0,0,-0.0028871062761,-1.47719491053,-0.00288642217839,-1.49576200405
26.146732118,0,0,-0.00296804673681,-1.49775614616,-0.00296734345377,-1.51658179405
26.5108360191,0,0,-0.00305125557854,-1.51860331141,-0.00305053257211,-1.53769111414
26.8800102154,0,0,-0.00313679632803,-1.53974037129,-0.00313605304508,-1.55909397947
27.2543253128,0,0,-0.00322473428858,-1.56117134532,-0.00322397016046,-1.58079446041
27.6338529005,0,0,-0.00331513658949,-1.58290030827,-0.0033143510316,-1.60279668326
28.0186655646,0,0,-0.00340807223704,-1.60493139087,-0.00340726464839,-1.62510483102
28.4088369018,0,0,-0.00350361216679,-1.62726878059,-0.00350278192953,-1.64772314413
28.804441534,0,0,-0.0036018292973,-1.64991672236,-0.00360097577626,-1.67065592128
29.2055551218,0,0,-0.00370279858546,-1.67287951937,-0.00370192112765,-1.69390752012
29.6122543799,0,0,-0.00380659708319,-1.69616153383,-0.00380569501732,-1.71748235809
30.0246170909,0,0,-0.00391330399588,-1.71976718776,-0.0039123766318,-1.74138491322
30.4427221206,0,0,-0.00402300074228,-1.74370096375,-0.00402204737053,-1.76561972488
30.8666494334,0,0,-0.00413577101619,-1.76796740581,-0.00413479090738,-1.79019139466
31.2964801067,0,0,-0.00425170084973,-1.79257112017,-0.00425069325404,-1.81510458715
31.7322963473,0,0,-0.00437087867848,-1.81751677606,-0.00436984282503,-1.8403640308
32.1741815068,0,0,-0.00449339540829,-1.84280910661,-0.00449233050461,-1.86597451871
32.6222200971,0,0,-0.00461934448406,-1.86845290962,-0.00461824971544,-1.89194090957
33.0764978074,0,0,-0.00474882196031,-1.89445304846,-0.00474769648919,-1.91826812843
33.53710152,0,0,-0.00488192657375,-1.92081445292,-0.0048807695391,-1.94496116762
34.004119327,0,0,-0.00501875981789,-1.94754212006,-0.00501757033451,-1.97202508765
34.4776405473,0,0,-0.00515942601958,-1.9746411151,-0.00515820317746,-1.99946501804
34.9577557436,0,0,-0.0053040324178,-2.00211657232,-0.00530277528139,-2.02728615828
35.4445567397,0,0,-0.0054526892445,-2.02997369595,-0.00545139685203,-2.05549377871
35.938136638,0,0,-0.00560550980775,-2.05821776108,-0.00560418117048,-2.08409322144
36.4385898376,0,0,-0.00576261057715,-2.08685411457,-0.0057612446786,-2.11308990131
36.946012052,0,0,-0.00592411127152,-2.11588817598,-0.00592270706672,-2.14248930681
37.4605003275,0,0,-0.00609013494913,-2.14532543854,-0.00608869136377,-2.17229700101
37.9821530619,0,0,-0.00626080810024,-2.17517147004,-0.00625932402992,-2.20251862258
38.5110700233,0,0,-0.00643626074237,-2.20543191386,-0.0064347350517,-2.23315988672
39.0473523689,0,0,-0.00661662651799,-2.23611248988,-0.00661505803972,-2.26422658612
39.5911026647,0,0,-0.00680204279501,-2.26721899547,-0.00680043032919,-2.29572459203
40.142424905,0,0,-0.00699265076998,-2.2987573065,-0.00699099308298,-2.32765985519
40.7014245322,0,0,-0.0071885955741,-2.33073337833,-0.00718689139772,-2.36003840687
41.268208457,0,0,-0.00739002638219,-2.36315324682,-0.00738827441263,-2.3928663599
41.842885079,0,0,-0.0075970965245,-2.39602302932,-0.00759529542141,-2.4261499097
42.4255643072,0,0,-0.00780996360173,-2.42934892574,-0.00780811198718,-2.4598953353
43.0163575811,0,0,-0.00802878960307,-2.46313721957,-0.0080268860605,-2.49410900042
43.6153778921,0,0,-0.00825374102754,-2.49739427891,-0.00825178410062,-2.52879735453
44.2227398051,0,0,-0.00848498900854,-2.53212655758,-0.00848297720012,-2.56396693392
44.8385594802,0,0,-0.00872270944186,-2.56734059611,-0.00872064121282,-2.59962436278
45.4629546953,0,0,-0.00896708311717,-2.60304302289,-0.00896495688519,-2.63577635428
46.0960448683,0,0,-0.00921829585301,-2.63924055522,-0.00921610999142,-2.6724297117
46.7379510799,0,0,-0.0094765386355,-2.6759400004,-0.009474291472,-2.70959132953
47.3887960972,0,0,-0.00974200776081,-2.71314825686,-0.0097396975762,-2.74726819459
48.0487043966,0,0,-0.0100149049815,-2.75087231526,-0.0100125300083,-2.78546738716
48.7178021879,0,0,-0.0102954376566,-2.7891192596,-0.010292996078,-2.82419608211
49.3962174388,0,0,-0.0105838189062,-2.82789626839,-0.0105813088541,-2.86346155009
50.0840798985,0,0,-0.0108802677698,-2.86721061575,-0.010877687324,-2.90327115863
50.7815211233,0,0,-0.0111850093691,-2.90706967258,-0.0111823565554,-2.94363237337
51.4886745014,0,0,-0.011498275075,-2.94748090772,-0.0114955478638,-2.98455275918
52.2056752785,0,0,-0.0118203026794,-2.98845188911,-0.0118174989844,-3.02603998138
52.9326605836,0,0,-0.0121513365716,-3.02999028498,-0.0121484542476,-3.06810180692
53.6697694554,0,0,-0.0124916279187,-3.07210386498,-0.0124886647607,-3.11074610558
54.4171428687,0,0,-0.012841434852,-3.11480050146,-0.012838388593,-3.1539808512
55.1749237613,0,0,-0.0132010226575,-3.15808817057,-0.0131978909671,-3.19781412284
55.9432570617,0,0,-0.013570663972,-3.20197495354,-0.0135674444541,-3.24225410609
56.7222897164,0,0,-0.0139506389838,-3.24646903784,-0.0139473291754,-3.28730909422
57.5121707184,0,0,-0.0143412356395,-3.29157871843,-0.0143378330084,-3.33298748946
58.3130511353,0,0,-0.014742749856,-3.33731239895,-0.014739251799,-3.37929780423
59.1250841383,0,0,-0.0151554857377,-3.383678593,-0.0151518895786,-3.42624866239
59.9484250319,0,0,-0.0155797558004,-3.43068592531,-0.015576058788,-3.47384880052
60.783231283,0,0,-0.0160158812001,-3.47834313304,-0.016012080506,-3.52210706914
61.6296625513,0,0,-0.0164641919684,-3.52665906696,-0.0164602846848,-3.57103243398
62.4878807201,0,0,-0.0169250272543,-3.57564269277,-0.0169210103919,-3.62063397729
63.3580499266,0,0,-0.0173987355717,-3.62530309228,-0.0173946060575,-3.67092089907
64.2403365939,0,0,-0.0178856750541,-3.67564946472,-0.0178814297287,-3.72190251837
65.1349094627,0,0,-0.0183862137155,-3.72669112797,-0.0183818493311,-3.77358827456
66.0419396233,0,0,-0.0189007297184,-3.7784375198,-0.018896242936,-3.82598772861
66.9616005485,0,0,-0.0194296116487,-3.83089819918,-0.0194249990357,-3.87911056437
67.894068127,0,0,-0.0199732587976,-3.88408284748,-0.0199685168251,-3.93296658988
68.8395206965,0,0,-0.0205320814512,-3.93800126979,-0.0205272064913,-3.9875657386
69.7981390783,0,0,-0.0211065011874,-3.99266339614,-0.0211014895105,-4.04291807077
70.7701066118,0,0,-0.0216969511802,-4.04807928275,-0.0216917989522,-4.09903377462
71.7556091894,0,0,-0.0223038765127,-4.10425911332,-0.0222985797917,-4.15592316769
72.754835292,0,0,-0.022927734497,-4.16121320027,-0.0229222892309,-4.2135966981
73.7679760253,0,0,-0.0235689950036,-4.21895198596,-0.0235633970265,-4.27206494581
74.7952251562,0,0,-0.024228140798,-4.27748604397,-0.0242223858271,-4.33133862392
75.83677915,0,0,-0.0249056678868,-4.33682608034,-0.0248997515192,-4.39142857992
76.8928372076,0,0,-0.0256020858722,-4.39698293475,-0.0255960035817,-4.45234579693
77.9636013041,0,0,-0.0263179183158,-4.45796758181,-0.026311665449,-4.51410139496
79.049276227,0,0,-0.0270537031112,-4.51979113222,-0.0270472748844,-4.57670663217
80.1500696157,0,0,-0.0278099928663,-4.582464834,-0.0278033843616,-4.64017290608
81.2661920009,0,0,-0.0285873552953,-4.64600007368,-0.0285805614568,-4.7045117548
82.3978568453,0,0,-0.0293863736203,-4.71040837746,-0.0293793892503,-4.76973485824
83.5452805838,0,0,-0.030207646983,-4.77570141241,-0.0302004667381,-4.83585403929
84.7086826656,0,0,-0.0310517908668,-4.84189098759,-0.0310444092539,-4.90288126502
85.8882855955,0,0,-0.0319194375295,-4.90898905519,-0.0319118489012,-4.97082864783
87.0843149769,0,0,-0.0328112364459,-4.97700771166,-0.0328034349965,-5.0397084466
88.2969995549,0,0,-0.0337278547625,-5.04595919877,-0.0337198345235,-5.1095330678
89.52657126,0,0,-0.0346699777626,-5.11585590473,-0.034661732598,-5.18031506663
90.7732652521,0,0,-0.0356383093424,-5.18671036519,-0.0356298329443,-5.25206714806
92.0373199662,0,0,-0.0366335725001,-5.25853526431,-0.0366248583836,-5.32480216792
93.3189771573,0,0,-0.0376565098351,-5.33134343571,-0.0376475513335,-5.39853313391
94.6184819472,0,0,-0.0387078840607,-5.4051478635,-0.0386986743203,-5.47327320662
95.9360828709,0,0,-0.0397884785281,-5.47996168313,-0.0397790105029,-5.54903570045
97.2720319245,0,0,-0.0408990977633,-5.55579818239,-0.0408893642097,-5.62583408462
98.6265846131,0,0,-0.0420405680168,-5.63267080221,-0.0420305614883,-5.70368198403
100,0,0,-0.0432137378264,-5.7105931375,-0.0432034506674,-5.78259318014
101.392540756,0,0,-0.0444194785927,-5.78957893797,-0.0444089029329,-5.86258161176
102.804473209,0,0,-0.0456586851683,-5.86964210885,-0.0456478129169,-5.94366137588
104.236067398,0,0,-0.0469322764613,-5.95079671159,-0.0469210993003,-6.02584672841
105.687597118,0,0,-0.0482411960514,-6.03305696455,-0.0482297054299,-6.10915208481
107.159339982,0,0,-0.0495864128215,-6.11643724354,-0.0495745999484,-6.19359202079
108.651577465,0,0,-0.0509689216026,-6.20095208241,-0.0509567774405,-6.27918127288
110.164594963,0,0,-0.0523897438338,-6.28661617357,-0.0523772590918,-6.36593473895
111.698681847,0,0,-0.0538499282374,-6.37344436833,-0.0538370933639,-6.45386747868
113.254131515,0,0,-0.0553505515079,-6.46145167735,-0.0553373566837,-6.54299471398
114.831241454,0,0,-0.0568927190177,-6.55065327092,-0.056879154148,-6.63333182933
116.430313292,0,0,-0.0584775655371,-6.64106447916,-0.0584636202441,-6.72489437203
118.051652857,0,0,-0.0601062559705,-6.73270079221,-0.0600919195853,-6.81769805241
119.695570236,0,0,-0.0617799861084,-6.82557786029,-0.0617652476629,-6.91175874397
121.362379834,0,0,-0.0634999833949,-6.91971149369,-0.0634848316134,-7.00709248338
123.052400436,0,0,-0.0652675077125,-7.01511766269,-0.0652519310032,-7.10371547045
124.765955263,0,0,-0.0670838521822,-7.11181249739,-0.067067838628,-7.20164406799
126.50337204,0,0,-0.0689503439808,-7.2098122874,-0.0689338813305,-7.30089480158
128.264983053,0,0,-0.0708683451746,-7.30913348149,-0.0708514208334,-7.40148435926
130.051125217,0,0,-0.0728392535701,-7.40979268709,-0.07282185459,-7.50342959103
131.862140139,0,0,-0.0748645035818,-7.51180666972,-0.0748466166516,-7.60674750838
133.698374182,0,0,-0.0769455671169,-7.61519235227,-0.0769271785523,-7.71145528358
135.560178533,0,0,-0.0790839544772,-7.71996681419,-0.0790650502099,-7.81757024895
137.447909268,0,0,-0.0812812152786,-7.82614729053,-0.0812617808457,-7.92510989591
139.361927422,0,0,-0.0835389393875,-7.93375117085,-0.0835189599208,-8.03409187399
141.30259906,0,0,-0.0858587578751,-8.04279599802,-0.0858382180892,-8.14453398964
143.270295341,0,0,-0.0882423439889,-8.15329946688,-0.0882212281698,-8.25645420492
145.265392595,0,0,-0.090691414142,-8.2652794227,-0.0906697061349,-8.36987063606
147.288272391,0,0,-0.0932077289191,-8.37875385951,-0.0931854121164,-8.48480155187
149.339321612,0,0,-0.095793094101,-8.49374091834,-0.095770151429,-8.60126537191
151.41893253,0,0,-0.0984493617055,-8.61025888516,-0.0984257756119,-8.7192806646
153.527502878,0,0,-0.101178431047,-8.72832618875,-0.101154183487,-8.83886614511
155.665435927,0,0,-0.10398224981,-8.84796139834,-0.103957322233,-8.96004067303
157.833140565,0,0,-0.106862815145,-8.96918322109,-0.10683718848,-9.08282324994
160.031031374,0,0,-0.109822174777,-9.09201049936,-0.109795829419,-9.20723301669
162.259528708,0,0,-0.112862428132,-9.21646220773,-0.112835343924,-9.33328925054
164.519058775,0,0,-0.115985727477,-9.3425574499,-0.1159578837,-9.46101136208
166.81005372,0,0,-0.119194279086,-9.4703154553,-0.119165654436,-9.59041889188
169.132951703,0,0,-0.122490344406,-9.59975557549,-0.122460916984,-9.721531507
171.488196987,0,0,-0.125876241254,-9.73089728033,-0.125845988547,-9.85436899719
173.876240022,0,0,-0.129354345018,-9.86376015391,-0.129323243882,-9.98895127086
176.297537529,0,0,-0.132927089881,-9.9983638902,-0.132895116521,-10.1252983508
178.75255259,0,0,-0.136596970049,-10.1347282884,-0.136564100003,-10.2634303698
181.241754737,0,0,-0.140366541001,-10.2728732483,-0.140332749123,-10.4033675655
183.765620039,0,0,-0.144238420752,-10.4128187647,-0.144203681189,-10.5451302757
186.324631193,0,0,-0.14821529112,-10.5545849224,-0.148179577293,-10.6887389327
188.919277621,0,0,-0.15229989901,-10.6981918903,-0.152263183598,-10.8342140576
191.550055557,0,0,-0.156495057712,-10.8436599151,-0.156457312625,-10.9815762548
194.217468149,0,0,-0.160803648201,-10.9910093155,-0.160764844561,-11.1308462049
196.922025548,0,0,-0.165228620449,-11.1402604747,-0.165188728569,-11.2820446587
199.664245011,0,0,-0.169772994747,-11.2914338343,-0.169731984109,-11.43519243
202.444650998,0,0,-0.174439863032,-11.4445498858,-0.17439770226,-11.5903103883
205.263775271,0,0,-0.179232390215,-11.599629164,-0.179189047053,-11.747419451
208.122156999,0,0,-0.18415381552,-11.756692238,-0.184109256809,-11.9065405754
211.020342857,0,0,-0.189207453824,-11.915759703,-0.189161645474,-12.0676947505
213.958887134,0,0,-0.194396696991,-12.0768521713,-0.194349603956,-12.2309029876
216.938351839,0,0,-0.19972501522,-12.2399902633,-0.199676601471,-12.3961863119
219.959306803,0,0,-0.205195958373,-12.4051945973,-0.205146186871,-12.5635657519
223.022329797,0,0,-0.210813157317,-12.5724857797,-0.210761989985,-12.7330623301
226.128006634,0,0,-0.216580325248,-12.7418843942,-0.216527722939,-12.9046970519
229.276931287,0,0,-0.222501259013,-12.9134109909,-0.222447181483,-13.0784908953
232.469705999,0,0,-0.228579840418,-13.0870860749,-0.228524246295,-13.2544647989
235.7069414,0,0,-0.234820037533,-13.2629300939,-0.234762884285,-13.4326396501
238.989256623,0,0,-0.241225905973,-13.4409634264,-0.241167149874,-13.6130362732
242.317279424,0,0,-0.247801590166,-13.6212063682,-0.247741186265,-13.795675416
245.691646298,0,0,-0.254551324604,-13.8036791193,-0.254489226688,-13.9805777369
249.113002607,0,0,-0.261479435069,-13.9884017699,-0.26141559563,-14.1677637909
252.582002696,0,0,-0.268590339837,-14.1753942862,-0.268524710034,-14.3572540152
256.099310026,0,0,-0.275888550853,-14.3646764948,-0.275821080474,-14.5490687142
259.665597293,0,0,-0.283378674871,-14.556268068,-0.283309312299,-14.7432280446
263.281546565,0,0,-0.291065414571,-14.7501885072,-0.29099410674,-14.9397519989
266.947849403,0,0,-0.298953569627,-14.9464571267,-0.298880261982,-15.1386603893
270.665207003,0,0,-0.30704803774,-15.1450930361,-0.306972674196,-15.3399728306
274.434330323,0,0,-0.315353815625,-15.3461151233,-0.315276338525,-15.5437087223
278.255940221,0,0,-0.323875999952,-15.5495420355,-0.323796350021,-15.7498872311
282.130767594,0,0,-0.332619788229,-15.7553921612,-0.332537904531,-15.9585272713
286.059553518,0,0,-0.341590479638,-15.9636836099,-0.341506299526,-16.1696474865
290.043049386,0,0,-0.350793475798,-16.1744341931,-0.35070693487,-16.383266229
294.082017059,0,0,-0.360234281474,-16.387661403,-0.360145313522,-16.5994015397
298.177229002,0,0,-0.369918505212,-16.6033823918,-0.36982704217,-16.818071127
302.329468441,0,0,-0.379851859899,-16.8216139499,-0.379757831791,-17.0392923454
306.539529506,0,0,-0.390040163245,-17.0423724836,-0.389943498135,-17.263082173
310.808217387,0,0,-0.400489338182,-17.2656739926,-0.400389962116,-17.4894571893
315.136348487,0,0,-0.411205413174,-17.4915340462,-0.411103250122,-17.7184335515
319.524750576,0,0,-0.42219452243,-17.7199677594,-0.422089494233,-17.9500269707
323.974262953,0,0,-0.433462906025,-17.9509897688,-0.433354932329,-18.1842526879
328.485736603,0,0,-0.445016909906,-18.1846142071,-0.444905908104,-18.4211254487
333.060034362,0,0,-0.456862985795,-18.4208546778,-0.456748870966,-18.6606594778
337.698031083,0,0,-0.469007690979,-18.6597242291,-0.468890375816,-18.9028684535
342.400613797,0,0,-0.481457687965,-18.9012353273,-0.481337082716,-19.1477654808
347.168681893,0,0,-0.494219744029,-19.1453998296,-0.494095756423,-19.3953630646
352.00314728,0,0,-0.507300730608,-19.3922289566,-0.507173265788,-19.6456730823
356.904934568,0,0,-0.520707622577,-19.6417332645,-0.520576583024,-19.8987067558
361.874981241,0,0,-0.534447497363,-19.8939226166,-0.534312782822,-20.1544746236
366.91423784,0,0,-0.548527533916,-20.1488061544,-0.548389041324,-20.4129865117
372.023668141,0,0,-0.562955011528,-20.4063922684,-0.562812634929,-20.6742515048
377.204249342,0,0,-0.577737308484,-20.6666885688,-0.577590938951,-20.9382779167
382.456972247,0,0,-0.592881900546,-20.9297018555,-0.592731426097,-21.2050732608
387.782841459,0,0,-0.608396359265,-21.1954380882,-0.608241664778,-21.4746442203
393.182875571,0,0,-0.624288350115,-21.4639023556,-0.624129317238,-21.7469966176
398.658107358,0,0,-0.64056563044,-21.7350988456,-0.640402137502,-22.0221353843
404.20958398,0,0,-0.657236047211,-22.009030814,-0.657067969131,-22.3000645303
409.838367176,0,0,-0.674307534595,-22.2857005542,-0.674134742781,-22.5807871138
415.545533472,0,0,-0.69178811131,-22.5651093662,-0.691610473566,-22.8643052098
421.332174385,0,0,-0.709685877791,-22.8472575256,-0.709503258212,-23.1506198802
427.199396631,0,0,-0.728009013134,-23.1321442532,-0.727821272004,-23.439731143
433.148322338,0,0,-0.746765771835,-23.4197676841,-0.74657276552,-23.7316379412
439.18008926,0,0,-0.765964480306,-23.7101248375,-0.765766061142,-24.0263381136
445.295850994,0,0,-0.785613533171,-24.0032115861,-0.785409549355,-24.3238283636
451.496777204,0,0,-0.805721389345,-24.2990226265,-0.805511684816,-24.6241042304
457.784053838,0,0,-0.826296567874,-24.5975514497,-0.826080982192,-24.9271600589
464.158883361,0,0,-0.847347643551,-24.8987903114,-0.847126011779,-25.2329889712
470.622484984,0,0,-0.868883242307,-25.2027302045,-0.868655394883,-25.5415828381
477.176094894,0,0,-0.890912036362,-25.50936083,-0.890677798965,-25.8529322509
483.820966493,0,0,-0.913442739141,-25.8186705703,-0.913201932563,-26.1670264951
490.558370637,0,0,-0.936484099966,-26.1306464628,-0.936236539973,-26.4838535231
497.389595879,0,0,-0.960044898507,-26.4452741737,-0.959790395698,-26.8033999294
504.315948717,0,0,-0.984133939002,-26.7625379734,-0.983872298665,-27.1256509254
511.338753841,0,0,-1.00876004426,-27.0824207129,-1.00849106622,-27.4505903163
518.459354389,0,0,-1.03393204939,-27.4049038011,-1.03365552786,-27.7782004784
525.679112202,0,0,-1.05965879542,-27.729967183,-1.05937451884,-28.1084623376
532.999408084,0,0,-1.0859491225,-28.0575893198,-1.08565687338,-28.4413553498
540.421642071,0,0,-1.11281186313,-28.38774717,-1.11251141787,-28.7768574819
547.94723369,0,0,-1.14025583496,-28.7204161717,-1.1399469637,-29.1149451948
555.57762224,0,0,-1.16828983354,-29.0555702274,-1.16797229997,-29.4555934273
563.31426706,0,0,-1.19692262478,-29.3931816889,-1.19659618597,-29.7987755829
571.158647813,0,0,-1.2261629373,-29.7332213457,-1.22582734349,-30.1444635167
579.112264764,0,0,-1.25601945452,-30.0756584136,-1.25567444896,-30.4926275253
587.176639073,0,0,-1.28650080664,-30.4204605263,-1.28614612537,-30.8432363383
595.353313081,0,0,-1.31761556247,-30.7675937283,-1.31725093413,-31.1962571112
603.643850608,0,0,-1.34937222104,-31.1170224704,-1.34899736666,-31.5516554215
612.049837248,0,0,-1.38177920317,-31.468709607,-1.38139383596,-31.9093952658
620.572880678,0,0,-1.41484484288,-31.8226163955,-1.414448668,-32.2694390597
629.214610961,0,0,-1.44857737866,-32.1787024983,-1.448170093,-32.63174764
637.976680861,0,0,-1.48298494473,-32.536925987,-1.48256623669,-32.996280269
646.860766155,0,0,-1.51807556216,-32.8972433489,-1.51764511139,-33.3629946413
655.868565957,0,0,-1.55385712996,-33.2596094961,-1.55341460712,-33.7318468933
665.001803043,0,0,-1.59033741613,-33.6239777772,-1.58988248265,-34.1027916147
674.262224178,0,0,-1.62752404869,-33.9902999913,-1.62705635652,-34.4757818632
683.651600451,0,0,-1.66542450674,-34.3585264046,-1.66494369804,-34.8507691811
693.171727616,0,0,-1.70404611145,-34.7286057701,-1.70355181837,-35.2277036153
702.824426431,0,0,-1.74339601721,-35.1004853492,-1.74288786157,-35.6065337391
712.611543011,0,0,-1.78348120274,-35.4741109366,-1.78295879575,-35.9872066776
722.534949179,0,0,-1.82430846233,-35.8494268877,-1.8237714043,-36.3696681348
732.596542822,0,0,-1.86588439718,-36.2263761484,-1.8653322772,-36.7538624243
742.798248256,0,0,-1.90821540685,-36.604900288,-1.90764780251,-37.1397325019
753.142016597,0,0,-1.95130768086,-36.9849395342,-1.95072415788,-37.5272200017
763.629826128,0,0,-1.99516719047,-37.3664328117,-1.99456730239,-37.9162652736
774.263682681,0,0,-2.03979968063,-37.7493177818,-2.03918296849,-38.3068074248
785.04562002,0,0,-2.08521066217,-38.1335308865,-2.08457665412,-38.6987843628
795.977700231,0,0,-2.13140540419,-38.5190073935,-2.13075361514,-39.0921328415
807.062014115,0,0,-2.17838892672,-38.9056814443,-2.17771885799,-39.4867885093
818.300681587,0,0,-2.22616599366,-39.2934861048,-2.22547713258,-39.8826859599
829.695852083,0,0,-2.27474110604,-39.6823534178,-2.27403292555,-40.2797587854
841.249704974,0,0,-2.32411849551,-40.0722144579,-2.32339045378,-40.6779396313
852.964449974,0,0,-2.37430211828,-40.4629993888,-2.37355365828,-41.077160254
864.842327573,0,0,-2.42529564931,-40.8546375217,-2.42452619838,-41.4773515798
876.885609459,0,0,-2.47710247697,-41.2470573768,-2.47631144639,-41.8784437663
889.096598953,0,0,-2.52972569798,-41.6401867455,-2.52891248253,-42.2803662654
901.477631452,0,0,-2.58316811285,-42.0339527548,-2.58233209032,-42.6830478877
914.031074876,0,0,-2.63743222167,-42.4282819331,-2.63657275241,-43.0864168686
926.759330115,0,0,-2.69252022039,-42.8231002774,-2.69163664679,-43.4904009361
939.664831495,0,0,-2.74843399745,-43.2183333216,-2.74752564348,-43.8949273791
952.750047243,0,0,-2.80517513099,-43.6139062057,-2.80424130163,-44.2999231174
966.017479952,0,0,-2.86274488639,-44.0097437466,-2.86178486715,-44.7053147721
979.46966707,0,0,-2.9211442144,-44.4057705088,-2.92015727075,-45.1110287375
993.109181375,0,0,-2.98037374966,-44.8019108761,-2.97935912645,-45.5169912525
1006.93863148,0,0,-3.04043380972,-45.1980891239,-3.03939073063,-45.9231284737
1020.96066231,0,0,-3.10132439458,-45.5942294912,-3.10025206151,-46.3293665475
1035.17795563,0,0,-3.16304518669,-45.9902562534,-3.16194277916,-46.7356316834
1049.59323056,0,0,-3.22559555141,-46.3860937943,-3.22446222592,-47.1418502261
1064.20924406,0,0,-3.28897453799,-46.7816666784,-3.2878094274,-47.5479487288
1079.02879152,0,0,-3.35318088105,-47.1768997226,-3.35198309386,-47.9538540244
1094.05470721,0,0,-3.41821300246,-47.5717180669,-3.41698162219,-48.3594932976
1109.2898649,0,0,-3.48406901375,-47.9660472452,-3.48280309822,-48.7647941551
1124.73717836,0,0,-3.550746719,-48.3598132545,-3.54944529958,-49.169684696
1140.39960197,0,0,-3.61824361811,-48.7529426232,-3.61690569901,-49.5740935801
1156.28013121,0,0,-3.68655691057,-49.1453624783,-3.68518146808,-49.9779500956
1172.38180329,0,0,-3.75568349966,-49.5370006112,-3.75426948133,-50.3811842252
1188.70769771,0,0,-3.82561999701,-49.9277855421,-3.82416632089,-50.7837267112
1205.26093687,0,0,-3.89636272766,-50.3176465822,-3.89486828144,-51.185509118
1222.04468663,0,0,-3.96790773541,-50.7065138952,-3.96637137558,-51.5864638939
1239.06215695,0,0,-4.04025078858,-51.0943185557,-4.03867133956,-51.98652443
1256.31660247,0,0,-4.11338738617,-51.4809926065,-4.11176363939,-52.3856251184
1273.81132319,0,0,-4.18731276427,-51.8664691135,-4.18564347728,-52.7837014066
1291.54966501,0,0,-4.26202190285,-52.2506822182,-4.26030579833,-53.1806898516
1309.53502048,0,0,-4.33750953281,-52.6335671883,-4.33574529761,-53.5765281701
1327.77082936,0,0,-4.41377014332,-53.0150604658,-4.41195642746,-53.9711552871
1346.2605793,0,0,-4.49079798943,-53.395099712,-4.48893340506,-54.3645113825
1365.00780655,0,0,-4.56858709989,-53.7736238516,-4.56667022022,-54.7565379341
1384.01609657,0,0,-4.64713128516,-54.1505731123,-4.64516064338,-55.1471777588
1403.28908479,0,0,-4.72642414569,-54.5258890634,-4.72439823386,-55.5363750512
1422.83045721,0,0,-4.80645908028,-54.8995146508,-4.80437634813,-55.9240754196
1442.64395122,0,0,-4.88722929463,-55.2713942299,-4.88508814842,-56.3102259187
1462.7333562,0,0,-4.96872781004,-55.6414735954,-4.96652661131,-56.6947750807
1483.10251434,0,0,-5.05094747211,-56.0097000087,-5.04868453644,-57.0776729426
1503.7553213,0,0,-5.13388095967,-56.3760222228,-5.13155455538,-57.458871072
1524.69572702,0,0,-5.21752079362,-56.7403905039,-5.21512914046,-57.8383225894
1545.92773642,0,0,-5.30185934595,-57.1027566511,-5.29940061371,-58.2159821878
1567.45541021,0,0,-5.38688884864,-57.463074013,-5.38436115578,-58.5918061506
1589.28286562,0,0,-5.47260140269,-57.8212975017,-5.47000281488,-58.9657523659
1611.41427725,0,0,-5.55898898702,-58.1773836045,-5.55631751568,-59.3377803387
1633.85387781,0,0,-5.64604346743,-58.531290393,-5.64329706815,-59.7078512005
1656.60595895,0,0,-5.73375660542,-58.8829775296,-5.73093317646,-60.0759277168
1679.67487209,0,0,-5.82212006697,-59.2324062717,-5.81921744762,-60.4419742917
1703.06502925,0,0,-5.91112543127,-59.5795394737,-5.90814140019,-60.8059569703
1726.78090388,0,0,-6.00076419927,-59.9243415864,-5.9976964728,-61.1678434389
1750.82703174,0,0,-6.09102780217,-60.2667786543,-6.0878740326,-61.5276030234
1775.20801172,0,0,-6.18190760977,-60.6068183111,-6.17866538349,-61.8852066847
1799.92850678,0,0,-6.27339493864,-60.9444297726,-6.27006177434,-62.2406270125
1824.99324482,0,0,-6.36548106019,-61.2795838283,-6.36205440692,-62.5938382179
1850.40701954,0,0,-6.45815720848,-61.61225283,-6.45463444373,-62.9448161223
1876.17469144,0,0,-6.55141458797,-61.9424106802,-6.54779301564,-63.2935381467
1902.30118867,0,0,-6.645244381,-62.270032817,-6.64152122935,-63.6399832971
1928.79150802,0,0,-6.7396377551,-62.5950961989,-6.73581017461,-63.9841321505
1955.65071587,0,0,-6.83458587008,-62.9175792871,-6.83065093126,-64.3259668371
1982.88394913,0,0,-6.93007988495,-63.2374620266,-6.92603457613,-64.6654710229
2010.49641626,0,0,-7.02611096457,-63.5547258263,-7.02195218956,-65.0026298903
2038.49339825,0,0,-7.12267028615,-63.8693535372,-7.11839486187,-65.3374301167
2066.88024963,0,0,-7.21974904545,-64.1813294297,-7.21535369951,-65.6698598533
2095.66239948,0,0,-7.31733846279,-64.49063917,-7.31281983096,-65.9999087015
2124.8453525,0,0,-7.41542978885,-64.7972697955,-7.41078441251,-66.3275676896
2154.43469003,0,0,-7.51401431022,-65.1012096886,-7.50923863366,-66.6528292472
2184.43607115,0,0,-7.61308335466,-65.4024485503,-7.60817372241,-66.97568718
2214.85523373,0,0,-7.71262829625,-65.7009773735,-7.70758095024,-67.2961366429
2245.69799554,0,0,-7.8126405602,-65.9967884139,-7.80745163689,-67.6141741133
2276.97025538,0,0,-7.91311162745,-66.2898751625,-7.90777715489,-67.929797363
2308.67799419,0,0,-8.0140330391,-66.5802323159,-8.00854893383,-68.2430054301
2340.82727618,0,0,-8.11539640052,-66.8678557468,-8.1097584645,-68.5537985906
2373.42425002,0,0,-8.2171933853,-67.1527424744,-8.21139730265,-68.8621783288
2406.47515002,0,0,-8.31941573894,-67.4348906338,-8.31345707265,-69.1681473087
2439.98629726,0,0,-8.42205528234,-67.7142994458,-8.41592947086,-69.4717093439
2473.96410089,0,0,-8.52510391508,-67.990969186,-8.51880626881,-69.7728693681
2508.41505928,0,0,-8.62855361843,-68.2649011544,-8.62207931615,-70.0716334054
2543.3457613,0,0,-8.73239645822,-68.5360976444,-8.72574054339,-70.3680085403
2578.76288759,0,0,-8.83662458749,-68.8045619118,-8.8297819644,-70.662002888
2614.6732118,0,0,-8.94123024889,-69.0702981445,-8.93419567881,-70.9536255647
2651.08360191,0,0,-9.04620577695,-69.3333114312,-9.03897387408,-71.2428866577
2688.00102154,0,0,-9.15154360012,-69.5936077316,-9.14410882745,-71.5297971961
2725.43253128,0,0,-9.25723624262,-69.8511938456,-9.24959290772,-71.8143691217
2763.38529005,0,0,-9.36327632619,-70.1060773834,-9.35541857679,-72.0966152596
2801.86655646,0,0,-9.46965657153,-70.3582667355,-9.46157839107,-72.3765492897
2840.88369018,0,0,-9.57636979968,-70.6077710434,-9.56806500267,-72.6541857185
2880.4441534,0,0,-9.68340893322,-70.8546001704,-9.67487116051,-72.9295398506
2920.55551218,0,0,-9.79076699727,-71.0987646727,-9.78198971114,-73.2026277612
2961.22543799,0,0,-9.89843712041,-71.3402757709,-9.88941359955,-73.4734662692
3002.46170909,0,0,-10.0064125353,-71.5791453222,-9.99713586974,-73.74207291
3044.27221206,0,0,-10.1146865796,-71.8153857929,-10.1051496652,-74.0084659092
3086.66494334,0,0,-10.2232526958,-72.0490102312,-10.213448229,-74.2726641569
3129.64801067,0,0,-10.3321044323,-72.2800322406,-10.3220249045,-74.5346871825
3173.22963473,0,0,-10.4412354432,-72.5084659538,-10.4308731347,-74.7945551293
3217.41815068,0,0,-10.5506394883,-72.7343260074,-10.5399864629,-75.0522887311
3262.22200971,0,0,-10.6603104335,-72.9576275164,-10.6493585318,-75.3079092876
3307.64978074,0,0,-10.7702422503,-73.1783860501,-10.7589830839,-75.561438642
3353.710152,0,0,-10.8804290157,-73.3966176082,-10.8688539606,-75.8128991577
3400.4119327,0,0,-10.9908649121,-73.612338597,-10.9789651019,-76.0623136969
3447.76405473,0,0,-11.1015442265,-73.8255658069,-11.0893105459,-76.3097055991
3495.77557436,0,0,-11.2124613505,-74.0363163901,-11.1998844279,-76.5550986598
3544.45567397,0,0,-11.3236107792,-74.2446078388,-11.3106809799,-76.7985171109
3593.8136638,0,0,-11.4349871111,-74.4504579645,-11.4216945296,-77.0399856006
3643.85898376,0,0,-11.5465850469,-74.6538848767,-11.5329194995,-77.2795291749
3694.6012052,0,0,-11.6583993891,-74.8549069639,-11.644350406,-77.5171732585
3746.05003275,0,0,-11.7704250411,-75.0535428733,-11.7559818581,-77.7529436378
3798.21530619,0,0,-11.8826570062,-75.2498114928,-11.8678085566,-77.9868664429
3851.10700233,0,0,-11.9950903866,-75.443731932,-11.9798252929,-78.2189681317
3904.73523689,0,0,-12.1077203827,-75.6353235052,-12.0920269475,-78.4492754731
3959.11026647,0,0,-12.2205422918,-75.8246057138,-12.204408489,-78.6778155323
4014.2424905,0,0,-12.3335515071,-76.0115982301,-12.3169649725,-78.9046156557
4070.14245322,0,0,-12.4467435168,-76.1963208807,-12.4296915386,-79.1297034565
4126.8208457,0,0,-12.5601139025,-76.3787936318,-12.5425834116,-79.3531068009
4184.2885079,0,0,-12.6736583384,-76.5590365736,-12.6556358984,-79.5748537955
4242.55643072,0,0,-12.7873725901,-76.7370699061,-12.7688443867,-79.7949727741
4301.63575811,0,0,-12.9012525131,-76.9129139251,-12.8822043435,-80.0134922861
4361.53778921,0,0,-13.0152940518,-77.0865890091,-12.995711314,-80.2304410848
4422.27398051,0,0,-13.1294932382,-77.2581156058,-13.1093609195,-80.4458481166
4483.85594802,0,0,-13.2438461904,-77.4275142203,-13.2231488558,-80.6597425105
4546.29546953,0,0,-13.3583491115,-77.5948054027,-13.337070892,-80.8721535682
4609.60448683,0,0,-13.4729982885,-77.7600097367,-13.4511228687,-81.0831107547
4673.79510799,0,0,-13.5877900904,-77.9231478287,-13.5653006958,-81.2926436895
4738.87960972,0,0,-13.7027209673,-78.084240297,-13.6796003517,-81.5007821379
4804.87043966,0,0,-13.8177874492,-78.243307762,-13.794017881,-81.7075560037
4871.78021879,0,0,-13.932986144,-78.400370836,-13.9085493927,-81.9129953209
4939.62174388,0,0,-14.0483137369,-78.5554501142,-14.0231910591,-82.1171302474
5008.40798985,0,0,-14.1637669887,-78.7085661657,-14.1379391134,-82.3199910583
5078.15211233,0,0,-14.2793427346,-78.8597395253,-14.2527898483,-82.5216081396
5148.86745014,0,0,-14.3950378824,-79.0089906845,-14.3677396141,-82.7220119827
5220.56752785,0,0,-14.5108494121,-79.1563400849,-14.4827848171,-82.9212331791
5293.26605836,0,0,-14.6267743735,-79.3018081097,-14.5979219175,-83.1193024158
5366.97694554,0,0,-14.7428098857,-79.4454150776,-14.7131474281,-83.3162504706
5441.71428687,0,0,-14.8589531355,-79.5871812353,-14.828457912,-83.5121082084
5517.49237613,0,0,-14.9752013758,-79.7271267517,-14.9438499813,-83.7069065773
5594.32570617,0,0,-15.091551925,-79.8652717116,-15.0593202947,-83.9006766055
5672.22897164,0,0,-15.208002165,-80.0016361098,-15.1748655564,-84.0934493985
5751.21707184,0,0,-15.3245495402,-80.1362398461,-15.2904825139,-84.2852561367
5831.30511353,0,0,-15.4411915566,-80.2691027197,-15.4061679559,-84.4761280729
5912.50841383,0,0,-15.5579257798,-80.4002444245,-15.5219187113,-84.666096531
5994.84250319,0,0,-15.6747498346,-80.5296845447,-15.6377316466,-84.8551929043
6078.3231283,0,0,-15.7916614032,-80.6574425501,-15.7536036644,-85.0434486545
6162.96625513,0,0,-15.9086582239,-80.7835377923,-15.8695317019,-85.2308953109
6248.78807201,0,0,-16.0257380907,-80.9079895006,-15.9855127283,-85.4175644701
6335.80499266,0,0,-16.1428988512,-81.0308167789,-16.1015437438,-85.6034877956
6424.03365939,0,0,-16.260138406,-81.1520386017,-16.2176217772,-85.7886970185
6513.49094627,0,0,-16.3774547073,-81.2716738113,-16.3337438843,-85.9732239375
6604.19396233,0,0,-16.4948457581,-81.3897411148,-16.4499071461,-86.1571004202
6696.16005485,0,0,-16.6123096106,-81.5062590817,-16.5661086669,-86.3403584037
6789.4068127,0,0,-16.7298443656,-81.6212461405,-16.6823455724,-86.5230298967
6883.95206965,0,0,-16.8474481709,-81.7347205773,-16.7986150078,-86.7051469805
6979.81390783,0,0,-16.9651192209,-81.8467005331,-16.9149141363,-86.8867418115
7077.01066118,0,0,-17.0828557549,-81.957204002,-17.0312401367,-87.0678466233
7175.56091894,0,0,-17.2006560565,-82.0662488292,-17.1475902019,-87.2484937293
7275.4835292,0,0,-17.3185184525,-82.1738527095,-17.2639615371,-87.4287155255
7376.79760253,0,0,-17.4364413118,-82.2800331858,-17.3803513576,-87.6085444937
7479.52251562,0,0,-17.5544230446,-82.3848076477,-17.4967568871,-87.7880132048
7583.677915,0,0,-17.6724621012,-82.4881933303,-17.6131753556,-87.9671543227
7689.28372076,0,0,-17.7905569713,-82.5902073129,-17.7296039979,-88.1460006078
7796.36013041,0,0,-17.908706183,-82.6908665185,-17.8460400514,-88.3245849218
7904.9276227,0,0,-18.0269083019,-82.7901877126,-17.9624807538,-88.5029402317
8015.00696157,0,0,-18.1451619303,-82.8881875026,-18.0789233421,-88.6810996148
8126.61920009,0,0,-18.2634657059,-82.9848823373,-18.1953650495,-88.8590962636
8239.78568453,0,0,-18.3818183017,-83.0802885063,-18.3118031044,-89.0369634913
8354.52805838,0,0,-18.5002184245,-83.1744221397,-18.4282347277,-89.2147347372
8470.86826656,0,0,-18.6186648145,-83.2672992078,-18.5446571313,-89.3924435727
8588.82855955,0,0,-18.7371562442,-83.3589355208,-18.6610675155,-89.570123707
8708.43149769,0,0,-18.8556915178,-83.4493467291,-18.7774630676,-89.7478089943
8829.69995549,0,0,-18.9742694704,-83.5385483226,-18.8938409592,-89.9255334399
8952.657126,0,0,-19.0928889673,-83.6265556317,-19.0101983445,-90.1033312071
9077.32652521,0,0,-19.211548903,-83.7133838264,-19.1265323582,-90.281236625
9203.73199662,0,0,-19.3302482009,-83.7990479176,-19.2428401128,-90.4592841958
9331.89771573,0,0,-19.4489858122,-83.8835627565,-19.3591186971,-90.6375086025
9461.84819472,0,0,-19.5677607156,-83.9669430355,-19.4753651737,-90.8159447174
9593.60828709,0,0,-19.6865719161,-84.0492032884,-19.5915765766,-90.9946276103
9727.20319245,0,0,-19.8054184449,-84.1303578912,-19.7077499091,-91.1735925577
9862.65846131,0,0,-19.9242993585,-84.210421062,-19.8238821414,-91.3528750515
10000,0,0,-20.0432137378,-84.2894068625,-19.9399702084,-91.5325108091
10139.2540756,0,0,-20.1621606881,-84.3673291978,-20.0560110072,-91.7125357824
10280.4473209,0,0,-20.281139338,-84.4442018176,-20.1720013946,-91.8929861689
10423.6067398,0,0,-20.4001488389,-84.5200383169,-20.2879381847,-92.0738984214
10568.7597118,0,0,-20.5191883645,-84.5948521365,-20.4038181464,-92.2553092599
10715.9339982,0,0,-20.6382571104,-84.6686565643,-20.5196380008,-92.437255682
10865.1577465,0,0,-20.7573542932,-84.7414647357,-20.6353944187,-92.6197749752
11016.4594963,0,0,-20.8764791502,-84.8132896348,-20.7510840177,-92.8029047288
11169.8681847,0,0,-20.9956309387,-84.8841440953,-20.8667033595,-92.9866828469
11325.4131515,0,0,-21.1148089358,-84.9540408012,-20.9822489476,-93.1711475608
11483.1241454,0,0,-21.2340124376,-85.0229922883,-21.0977172237,-93.3563374429
11643.0313292,0,0,-21.3532407589,-85.0910109448,-21.2131045654,-93.5422914209
11805.1652857,0,0,-21.4724932323,-85.1581090124,-21.3284072829,-93.7290487917
11969.5570236,0,0,-21.5917692085,-85.2242985876,-21.4436216162,-93.9166492368
12136.2379834,0,0,-21.7110680553,-85.2895916225,-21.5587437319,-94.1051328378
12305.2400436,0,0,-21.8303891571,-85.3539999263,-21.67376972,-94.2945400925
12476.5955263,0,0,-21.9497319148,-85.417535166,-21.7886955904,-94.4849119316
12650.337204,0,0,-22.0690957452,-85.4802088678,-21.9035172703,-94.6762897359
12826.4983053,0,0,-22.1884800805,-85.5420324182,-22.0182305999,-94.8687153546
13005.1125217,0,0,-22.3078843682,-85.6030170652,-22.1328313295,-95.0622311235
13186.2140139,0,0,-22.4273080703,-85.6631739197,-22.2473151158,-95.2568798846
13369.8374182,0,0,-22.5467506633,-85.722513956,-22.3616775178,-95.4527050061
13556.0178533,0,0,-22.6662116376,-85.781048014,-22.4759139938,-95.6497504033
13744.7909268,0,0,-22.7856904973,-85.8387867997,-22.5900198966,-95.8480605602
13936.1927422,0,0,-22.9051867594,-85.8957408867,-22.7039904704,-96.0476805518
14130.259906,0,0,-23.0246999542,-85.9519207173,-22.8178208458,-96.2486560677
14327.0295341,0,0,-23.1442296243,-86.0073366039,-22.9315060364,-96.4510334362
14526.5392595,0,0,-23.2637753247,-86.0619987302,-23.045040934,-96.6548596499
14728.8272391,0,0,-23.3833366222,-86.1159171525,-23.1584203043,-96.8601823913
14933.9321612,0,0,-23.5029130951,-86.1691018008,-23.271638782,-97.0670500609
15141.893253,0,0,-23.6225043333,-86.2215624802,-23.3846908665,-97.2755118049
15352.7502878,0,0,-23.7421099374,-86.273308872,-23.497570917,-97.4856175457
15566.5435927,0,0,-23.8617295189,-86.3243505353,-23.6102731472,-97.6974180119
15783.3140565,0,0,-23.9813626995,-86.3746969077,-23.7227916201,-97.910964771
16003.1031374,0,0,-24.1010091113,-86.4243573072,-23.8351202432,-98.1263102629
16225.9528708,0,0,-24.2206683962,-86.473340933,-23.9472527625,-98.3435078348
16451.9058775,0,0,-24.3403402055,-86.521656867,-24.0591827571,-98.5626117777
16681.005372,0,0,-24.4600242002,-86.5693140747,-24.1709036331,-98.7836773647
16913.2951703,0,0,-24.5797200503,-86.616321407,-24.282408618,-99.0067608906
17148.8196987,0,0,-24.6994274345,-86.662687601,-24.3936907544,-99.2319197137
17387.6240022,0,0,-24.8191460404,-86.7084212816,-24.504742893,-99.4592122992
17629.7537529,0,0,-24.9388755639,-86.7535309622,-24.6155576871,-99.6886982647
17875.255259,0,0,-25.058615709,-86.7980250465,-24.7261275846,-99.9204384277
18124.1754737,0,0,-25.1783661878,-86.8419118294,-24.836444822,-100.154494856
18376.5620039,0,0,-25.2981267201,-86.8851994985,-24.9465014162,-100.390930918
18632.4631193,0,0,-25.4178970333,-86.927896135,-25.0562891578,-100.62981134
18891.9277621,0,0,-25.5376768621,-86.970009715,-25.1657996028,-100.871202262
19155.0055557,0,0,-25.6574659483,-87.0115481109,-25.2750240649,-101.115171297
19421.7468149,0,0,-25.7772640408,-87.0525190923,-25.3839536068,-101.361787596
19692.2025548,0,0,-25.8970708953,-87.0929303274,-25.4925790324,-101.611121913
19966.4245011,0,0,-26.0168862738,-87.1327893843,-25.600890877,-101.863246672
20244.4650998,0,0,-26.136709945,-87.1721037316,-25.7088793989,-102.118236045
20526.3775271,0,0,-26.2565416839,-87.2108807404,-25.8165345697,-102.376166025
20812.2156999,0,0,-26.3763812713,-87.2491276847,-25.9238460644,-102.637114507
21102.0342857,0,0,-26.4962284942,-87.2868517431,-26.0308032516,-102.901161373
21395.8887134,0,0,-26.6160831452,-87.3240599996,-26.1373951825,-103.168388584
21693.8351839,0,0,-26.7359450226,-87.3607594448,-26.2436105808,-103.438880267
21995.9306803,0,0,-26.85581393,-87.3969569771,-26.3494378311,-103.712722822
22302.2329797,0,0,-26.9756896764,-87.4326594039,-26.4548649673,-103.990005021
22612.8006634,0,0,-27.0955720761,-87.4678734424,-26.5598796609,-104.27081812
22927.6931287,0,0,-27.2154609482,-87.5026057211,-26.6644692085,-104.555255975
23246.9705999,0,0,-27.3353561169,-87.5368627804,-26.768620519,-104.843415163
23570.69414,0,0,-27.455257411,-87.5706510743,-26.8723201007,-105.135395114
23898.9256623,0,0,-27.5751646641,-87.6039769707,-26.975554047,-105.431298247
24231.7279424,0,0,-27.6950777141,-87.6368467532,-27.0783080231,-105.731230111
24569.1646298,0,0,-27.8149964034,-87.6692666217,-27.1805672509,-106.035299545
24911.3002607,0,0,-27.9349205787,-87.7012426935,-27.2823164938,-106.343618832
25258.2002696,0,0,-28.0548500908,-87.7327810045,-27.3835400418,-106.656303876
25609.9310026,0,0,-28.1747847947,-87.7638875101,-27.4842216949,-106.973474383
25966.5597293,0,0,-28.294724549,-87.7945680861,-27.5843447467,-107.295254051
26328.1546565,0,0,-28.4146692165,-87.82482853,-27.6838919673,-107.621770775
26694.7849403,0,0,-28.5346186635,-87.8546745615,-27.7828455856,-107.953156866
27066.5207003,0,0,-28.6545727599,-87.884111824,-27.8811872713,-108.289549278
27443.4330323,0,0,-28.7745313793,-87.9131458854,-27.9788981159,-108.631089855
27825.5940221,0,0,-28.8944943987,-87.9417822389,-28.075958614,-108.97792559
28213.0767594,0,0,-29.0144616983,-87.970026304,-28.1723486427,-109.330208901
28605.9553518,0,0,-29.1344331615,-87.9978834277,-28.268047442,-109.688097927
29004.3049386,0,0,-29.2544086753,-88.0253588849,-28.3630335936,-110.051756837
29408.2017059,0,0,-29.3743881292,-88.0524578799,-28.4572849995,-110.42135617
29817.7229002,0,0,-29.4943714161,-88.0791855471,-28.5507788605,-110.797073187
30232.9468441,0,0,-29.6143584316,-88.1055469515,-28.6434916531,-111.179092251
30653.9529506,0,0,-29.7343490742,-88.1315470904,-28.7353991077,-111.567605234
31080.8217387,0,0,-29.8543432453,-88.1571908934,-28.8264761847,-111.962811947
31513.6348487,0,0,-29.9743408486,-88.1824832239,-28.9166970514,-112.364920607
31952.4750576,0,0,-30.0943417909,-88.2074288798,-29.0060350581,-112.774148326
32397.4262953,0,0,-30.2143459812,-88.2320325942,-29.0944627143,-113.190721646
32848.5736603,0,0,-30.3343533311,-88.2562990363,-29.1819516646,-113.6148771
33306.0034362,0,0,-30.4543637544,-88.2802328122,-29.2684726647,-114.046861825
33769.8031083,0,0,-30.5743771677,-88.3038384662,-29.3539955577,-114.486934205
34240.0613797,0,0,-30.6943934893,-88.3271204806,-29.4384892507,-114.935364577
34716.8681893,0,0,-30.8144126401,-88.3500832776,-29.5219216919,-115.392435973
35200.314728,0,0,-30.9344345431,-88.3727312194,-29.6042598485,-115.858444927
35690.4934568,0,0,-31.0544591233,-88.3950686091,-29.6854696858,-116.333702336
36187.4981241,0,0,-31.1744863078,-88.4170996917,-29.7655161476,-116.818534395
36691.423784,0,0,-31.2945160256,-88.4388286547,-29.8443631386,-117.313283585
37202.3668141,0,0,-31.4145482077,-88.4602596287,-29.9219735089,-117.818309758
37720.4249342,0,0,-31.5345827871,-88.4813966886,-29.9983090411,-118.333991285
38245.6972247,0,0,-31.6546196984,-88.5022438538,-30.0733304416,-118.860726309
38778.2841459,0,0,-31.774658878,-88.5228050895,-30.1469973351,-119.398934086
39318.2875571,0,0,-31.8947002643,-88.5430843067,-30.2192682649,-119.949056431
39865.8107358,0,0,-32.014743797,-88.5630853637,-30.2901006989,-120.511559283
40420.958398,0,0,-32.1347894177,-88.5828120662,-30.3594510428,-121.086934391
40983.8367176,0,0,-32.2548370695,-88.6022681684,-30.4272746619,-121.675701133
41554.5533472,0,0,-32.374886697,-88.6214573732,-30.4935259133,-122.278408481
42133.2174385,0,0,-32.4949382465,-88.6403833336,-30.5581581894,-122.895637126
42719.9396631,0,0,-32.6149916655,-88.6590496526,-30.6211239763,-123.528001769
43314.8322338,0,0,-32.7350469031,-88.6774598844,-30.6823749285,-124.176153603
43918.008926,0,0,-32.8551039097,-88.6956175348,-30.741861963,-124.840782985
44529.5850994,0,0,-32.9751626372,-88.713526062,-30.7995353764,-125.522622329
45149.6777204,0,0,-33.0952230386,-88.7311888769,-30.8553449888,-126.222449235
45778.4053838,0,0,-33.2152850684,-88.7486093443,-30.9092403196,-126.941089855
46415.8883361,0,0,-33.3353486821,-88.765790783,-30.9611707988,-127.679422538
47062.2484984,0,0,-33.4554138365,-88.7827364666,-31.0110860225,-128.438381751
47717.6094894,0,0,-33.5754804898,-88.7994496243,-31.0589360578,-129.21896231
48382.0966493,0,0,-33.6955486009,-88.815933441,-31.1046718059,-130.022223927
49055.8370636,0,0,-33.8156181303,-88.8321910585,-31.1482454332,-130.8492961
49738.9595879,0,0,-33.9356890392,-88.8482255756,-31.1896108823,-131.701383351
50431.5948717,0,0,-34.05576129,-88.8640400489,-31.2287244741,-132.579770834
51133.8753841,0,0,-34.1758348462,-88.8796374934,-31.2655456171,-133.485830306
51845.9354389,0,0,-34.2959096721,-88.8950208828,-31.3000376417,-134.421026484
52567.9112202,0,0,-34.4159857332,-88.9101931505,-31.3321687772,-135.386923751
53299.9408084,0,0,-34.5360629958,-88.9251571897,-31.3619132968,-136.385193216
54042.1642071,0,0,-34.6561414271,-88.9399158541,-31.3892528543,-137.417620082
54794.723369,0,0,-34.7762209953,-88.9544719585,-31.4141780431,-138.486111255
55557.762224,0,0,-34.8963016694,-88.9688282794,-31.4366902115,-139.592703127
56331.426706,0,0,-35.0163834192,-88.9829875553,-31.4568035698,-140.7395694
57115.8647813,0,0,-35.1364662154,-88.9969524871,-31.4745476326,-141.92902878
57911.2264764,0,0,-35.2565500295,-89.0107257392,-31.4899700418,-143.163552332
58717.6639073,0,0,-35.3766348337,-89.0243099393,-31.5031398189,-144.44577019
59535.3313081,0,0,-35.496720601,-89.0377076794,-31.5141511006,-145.778477229
60364.3850608,0,0,-35.6168073053,-89.0509215159,-31.5231274114,-147.164637218
61204.9837248,0,0,-35.7368949208,-89.0639539705,-31.5302265263,-148.607384812
62057.2880678,0,0,-35.8569834228,-89.0768075302,-31.5356459746,-150.11002459
62921.4610961,0,0,-35.9770727872,-89.0894846482,-31.5396292257,-151.676026173
63797.6680861,0,0,-36.0971629903,-89.1019877441,-31.5424725814,-153.309014209
64686.0766155,0,0,-36.2172540094,-89.1143192043,-31.5445327765,-155.012751796
65586.8565957,0,0,-36.3373458221,-89.1264813827,-31.5462352503,-156.791115645
66500.1803043,0,0,-36.4574384069,-89.138476601,-31.5480830001,-158.648061015
67426.2224178,0,0,-36.5775317427,-89.1503071491,-31.5506658542,-160.587574224
68365.1600451,0,0,-36.6976258089,-89.1619752856,-31.5546699061,-162.613610349
69317.1727616,0,0,-36.8177205858,-89.1734832382,-31.5608867313,-164.730013664
70282.4426431,0,0,-36.9378160539,-89.1848332041,-31.5702218572,-166.940418488
71261.1543011,0,0,-37.0579121944,-89.1960273506,-31.583701785,-169.248128519
72253.4949179,0,0,-37.1780089888,-89.207067815,-31.6024786716,-171.655973548
73259.6542822,0,0,-37.2981064195,-89.2179567057,-31.6278315921,-174.166143744
74279.8248256,0,0,-37.418204469,-89.2286961021,-31.6611631387,-176.780003673
75314.2016597,0,0,-37.5383031205,-89.239288055,-31.703990019,-179.497890793
76362.9826128,0,0,-37.6584023576,-89.2497345873,-31.7579263356,177.681093539
77426.3682681,0,0,-37.7785021642,-89.2600376942,-31.8246584242,174.759288856
78504.562002,0,0,-37.8986025249,-89.2701993435,-31.905910551,171.740660721
79597.7700231,0,0,-38.0187034245,-89.2802214762,-32.0034014545,168.630947598
80706.2014115,0,0,-38.1388048484,-89.2901060065,-32.1187926605,165.437749096
81830.0681587,0,0,-38.2589067823,-89.2998548225,-32.2536306272,162.170535683
82969.5852083,0,0,-38.3790092121,-89.3094697865,-32.4092859623,158.840563531
84124.9704974,0,0,-38.4991121245,-89.3189527352,-32.5868939736,155.46068497
85296.4449974,0,0,-38.6192155063,-89.3283054801,-32.7873014499,152.045054885
86484.2327573,0,0,-38.7393193446,-89.3375298081,-33.0110245859,148.608745021
87688.5609459,0,0,-38.859423627,-89.3466274814,-33.2582222651,145.1672897
88909.6598953,0,0,-38.9795283414,-89.3556002382,-33.528687515,141.736195749
90147.7631452,0,0,-39.099633476,-89.3644497927,-33.8218580559,138.330454483
91403.1074876,0,0,-39.2197390194,-89.3731778357,-34.1368448059,134.96409329
92675.9330115,0,0,-39.3398449603,-89.3817860349,-34.4724753521,131.649798793
93966.4831495,0,0,-39.4599512881,-89.3902760352,-34.8273480631,128.398633955
95275.0047243,0,0,-39.580057992,-89.3986494587,-35.1998918982,125.219859805
96601.7479952,0,0,-39.7001650619,-89.4069079055,-35.5884270587,122.120860962
97946.966707,0,0,-39.8202724877,-89.4150529536,-35.9912223124,119.107164564
99310.9181375,0,0,-39.9403802598,-89.4230861596,-36.4065458735,116.182535714
100693.863148,0,0,-40.0604883688,-89.4310090585,-36.8327079051,113.34912937
102096.066231,0,0,-40.1805968053,-89.4388231644,-37.2680938272,110.607678404
103517.795563,0,0,-40.3007055606,-89.4465299706,-37.7111885303,107.957699503
104959.323056,0,0,-40.4208146258,-89.45413095,-38.1605922515,105.397701855
106420.924406,0,0,-40.5409239926,-89.4616275552,-38.6150292657,102.925387309
107902.879152,0,0,-40.6610336527,-89.4690212189,-39.0733507198,100.537834376
109405.470721,0,0,-40.7811435982,-89.4763133542,-39.534532942,98.2316616085
110928.98649,0,0,-40.9012538211,-89.4835053548,-39.9976724544,96.0031684642
112473.717836,0,0,-41.0213643141,-89.4905985953,-40.4619787492,93.8484535986
114039.960197,0,0,-41.1414750697,-89.4975944315,-40.9267657011,91.7635118274
115628.013121,0,0,-41.2615860806,-89.5044942004,-41.391442296,89.7443117291
117238.180329,0,0,-41.3816973401,-89.511299221,-41.8555031887,87.7868562448
118870.769771,0,0,-41.5018088413,-89.5180107938,-42.3185194555,85.8872287253
120526.093687,0,0,-41.6219205776,-89.5246302018,-42.7801297866,84.0416267962
122204.468663,0,0,-41.7420325425,-89.5311587103,-43.2400322733,82.2463862185
123906.215695,0,0,-41.86214473,-89.5375975672,-43.6979768719,80.4979966791
125631.660247,0,0,-41.9822571338,-89.5439480033,-44.1537585769,78.7931111826
127381.132319,0,0,-42.1023697481,-89.5502112324,-44.6072112993,77.1285504546
129154.966501,0,0,-42.2224825671,-89.556388452,-45.0582024228,75.5013035296
130953.502048,0,0,-42.3425955853,-89.5624808428,-45.5066279952,73.9085254815
132777.082936,0,0,-42.4627087973,-89.5684895694,-45.9524085047,72.3475330698
134626.05793,0,0,-42.5828221976,-89.5744157805,-46.3954851876,70.8157989161
136500.780655,0,0,-42.7029357813,-89.5802606091,-46.8358168118,69.3109446954
138401.609657,0,0,-42.8230495433,-89.5860251725,-47.2733768857,67.8307337189
140328.908479,0,0,-42.9431634787,-89.5917105726,-47.708151241,66.3730631948
142283.045721,0,0,-43.0632775828,-89.5973178965,-48.1401359462,64.9359563856
144264.395122,0,0,-43.183391851,-89.6028482161,-48.5693355081,63.5175548237
146273.33562,0,0,-43.3035062789,-89.6083025887,-48.9957613245,62.1161107004
148310.251434,0,0,-43.423620862,-89.613682057,-49.4194303557,60.7299795126
150375.53213,0,0,-43.5437355962,-89.6189876496,-49.8403639853,59.3576130199
152469.572702,0,0,-43.6638504773,-89.6242203807,-50.2585870446,57.997552549
154592.773642,0,0,-43.7839655013,-89.6293812509,-50.6741269786,56.6484226623
156745.541021,0,0,-43.9040806643,-89.6344712467,-51.0870131333,55.3089251994
158928.286562,0,0,-44.0241959626,-89.6394913414,-51.4972761487,53.9778336884
161141.427725,0,0,-44.1443113924,-89.6444424948,-51.9049474409,52.6539881202
163385.387781,0,0,-44.2644269501,-89.6493256535,-52.3100587626,51.3362900741
165660.595895,0,0,-44.3845426323,-89.6541417511,-52.7126418292,50.0236981776
167967.487209,0,0,-44.5046584355,-89.6588917085,-53.112728002,48.7152238865
170306.502925,0,0,-44.6247743565,-89.6635764339,-53.5103480203,47.4099275641
172678.090388,0,0,-44.7448903921,-89.6681968229,-53.9055317748,46.106914844
175082.703174,0,0,-44.8650065391,-89.6727537589,-54.2983081165,44.8053332567
177520.801172,0,0,-44.9851227944,-89.6772481134,-54.6887046959,43.504369102
179992.850678,0,0,-45.1052391552,-89.6816807457,-55.0767478276,42.2032445515
182499.324482,0,0,-45.2253556185,-89.6860525032,-55.4624623776,40.901214962
185040.701954,0,0,-45.3454721816,-89.6903642219,-55.8458716676,39.5975663874
187617.469144,0,0,-45.4655888417,-89.6946167262,-56.2269973964,38.291613271
190230.118867,0,0,-45.5857055962,-89.6988108292,-56.6058595733,36.9826963075
192879.150802,0,0,-45.7058224425,-89.702947333,-56.9824764626,35.6701804585
195565.071587,0,0,-45.8259393782,-89.7070270284,-57.3568645376,34.3534531124
198288.394913,0,0,-45.9460564006,-89.7110506956,-57.7290384416,33.0319223761
201049.641626,0,0,-46.0661735076,-89.7150191039,-58.0990109554,31.7050154873
203849.339825,0,0,-46.1862906968,-89.7189330122,-58.4667929688,30.3721773397
206688.024963,0,0,-46.306407966,-89.7227931688,-58.8323934572,29.0328691114
209566.239948,0,0,-46.4265253129,-89.7266003118,-59.1958194604,27.686566987
212484.53525,0,0,-46.5466427354,-89.7303551694,-59.5570760634,26.3327609687
215443.469003,0,0,-46.6667602316,-89.7340584594,-59.916166379,24.9709537666
218443.607115,0,0,-46.7868777993,-89.7377108901,-60.2730915316,23.6006597639
221485.523373,0,0,-46.9069954366,-89.7413131598,-60.6278506406,22.2214040498
224569.799554,0,0,-47.0271131417,-89.7448659574,-60.9804408043,20.832721515
227697.025538,0,0,-47.1472309127,-89.7483699622,-61.3308570831,19.4341560062
230867.799419,0,0,-47.2673487477,-89.7518258443,-61.679092482,18.0252595318
234082.727618,0,0,-47.3874666451,-89.7552342646,-62.0251379315,16.6055915186
237342.425002,0,0,-47.5075846031,-89.7585958748,-62.3689822673,15.1747181125
240647.515002,0,0,-47.6277026201,-89.7619113178,-62.7106122087,13.7322115203
243998.629726,0,0,-47.7478206945,-89.7651812275,-63.0500123339,12.2776493914
247396.410089,0,0,-47.8679388247,-89.7684062293,-63.3871650542,10.8106142322
250841.505928,0,0,-47.9880570091,-89.7715869398,-63.7220505849,9.33069285537
254334.57613,0,0,-48.1081752464,-89.7747239674,-64.0546469144,7.83747585653
257876.288759,0,0,-48.228293535,-89.7778179119,-64.3849297693,6.33055711976
261467.32118,0,0,-48.3484118736,-89.7808693649,-64.7128725773,4.80953334733
265108.360191,0,0,-48.4685302608,-89.78387891,-65.038446427,3.2740036126
268800.102154,0,0,-48.5886486952,-89.7868471227,-65.361620023,1.72356893381
272543.253128,0,0,-48.7087671757,-89.7897745707,-65.6823596389,0.157831867004
276338.529005,0,0,-48.8288857008,-89.7926618137,-66.000629065,-1.42360388356
280186.655646,0,0,-48.9490042695,-89.7955094039,-66.3163895528,-3.02113383924
284088.369018,0,0,-49.0691228805,-89.7983178858,-66.6295997549,-4.63515310649
288044.41534,0,0,-49.1892415327,-89.8010877966,-66.9402156598,-6.26605672344
292055.551218,0,0,-49.3093602249,-89.8038196659,-67.2481905227,-7.91423999492
296122.543799,0,0,-49.4294789561,-89.8065140162,-67.5534747903,-9.58009881728
300246.170909,0,0,-49.5495977251,-89.8091713627,-67.8560160205,-11.2640299941
304427.221206,0,0,-49.669716531,-89.8117922136,-68.1557587965,-12.9664315444
308666.494334,0,0,-49.7898353728,-89.81437707,-68.4526446346,-14.6877030034
312964.801067,0,0,-49.9099542494,-89.8169264265,-68.7466118851,-16.4282457188
317322.963473,0,0,-50.03007316,-89.8194407703,-69.0375956266,-18.1884631418
321741.815068,0,0,-50.1501921036,-89.8219205825,-69.3255275535,-19.9687611151
326222.200971,0,0,-50.2703110792,-89.8243663372,-69.6103358543,-21.7695481587
330764.978074,0,0,-50.3904300861,-89.8267785021,-69.8919450824,-23.5912357545
335371.0152,0,0,-50.5105491233,-89.8291575386,-70.1702760183,-25.4342386306
340041.19327,0,0,-50.6306681901,-89.8315039017,-70.4452455207,-27.2989750473
344776.405473,0,0,-50.7507872856,-89.8338180399,-70.7167663691,-29.185867085
349577.557436,0,0,-50.8709064091,-89.836100396,-70.984747094,-31.0953409354
354445.567397,0,0,-50.9910255597,-89.8383514064,-71.2490917957,-33.0278271982
359381.36638,0,0,-51.1111447368,-89.8405715015,-71.5096999505,-34.9837611833
364385.898376,0,0,-51.2312639397,-89.8427611059,-71.7664662028,-36.9635832209
369460.12052,0,0,-51.3513831675,-89.8449206385,-72.0192801424,-38.9677389807
374605.003275,0,0,-51.4715024197,-89.8470505121,-72.2680260655,-40.9966798023
379821.530619,0,0,-51.5916216956,-89.8491511341,-72.5125827187,-43.0508630376
385110.700233,0,0,-51.7117409944,-89.8512229063,-72.752823024,-45.1307524085
390473.523689,0,0,-51.8318603157,-89.8532662248,-72.9886137822,-47.236818381
395911.026647,0,0,-51.9519796588,-89.8552814804,-73.219815356,-49.369538559
401424.24905,0,0,-52.0720990231,-89.8572690585,-73.4462813263,-51.5293980998
407014.245322,0,0,-52.192218408,-89.8592293393,-73.6678581237,-53.7168901548
412682.08457,0,0,-52.312337813,-89.8611626976,-73.8843846304,-55.9325163383
418428.85079,0,0,-52.4324572375,-89.8630695032,-74.0956917491,-58.1767872288
424255.643072,0,0,-52.5525766809,-89.8649501207,-74.3016019388,-60.4502229066
430163.575811,0,0,-52.6726961428,-89.8668049098,-74.5019287104,-62.7533535324
436153.778921,0,0,-52.7928156227,-89.8686342252,-74.6964760807,-65.0867199732
442227.398051,0,0,-52.91293512,-89.8704384167,-74.8850379795,-67.450874481
448385.594802,0,0,-53.0330546343,-89.8722178295,-75.0673976047,-69.8463814315
454629.546953,0,0,-53.1531741652,-89.8739728038,-75.2433267204,-72.2738181319
460960.448683,0,0,-53.2732937121,-89.8757036752,-75.4125848905,-74.7337757067
467379.510799,0,0,-53.3934132747,-89.8774107748,-75.5749186426,-77.226860072
473887.960972,0,0,-53.5135328524,-89.8790944291,-75.7300605515,-79.753693012
480487.043966,0,0,-53.633652445,-89.88075496,-75.8777282354,-82.3149133724
487178.021879,0,0,-53.7537720519,-89.8823926851,-76.0176232525,-84.9111783876
493962.174388,0,0,-53.8738916729,-89.8840079176,-76.1494298862,-87.5431651621
500840.798985,0,0,-53.9940113075,-89.8856009664,-76.2728138053,-90.2115723305
507815.211233,0,0,-54.1141309553,-89.8871721363,-76.3874205827,-92.9171219237
514886.745014,0,0,-54.234250616,-89.8887217276,-76.4928740535,-95.6605614748
522056.752785,0,0,-54.3543702892,-89.8902500367,-76.5887744911,-98.4426664054
529326.605836,0,0,-54.4744899746,-89.891757356,-76.6746965765,-101.264242738
536697.694554,0,0,-54.5946096719,-89.8932439737,-76.75018713,-104.126130193
544171.428687,0,0,-54.7147293807,-89.894710174,-76.8147625715,-107.029205738
551749.237613,0,0,-54.8348491008,-89.8961562375,-76.8679060678,-109.974387676
559432.570617,0,0,-54.9549688317,-89.8975824407,-76.90906432,-112.962640363
567222.897164,0,0,-55.0750885733,-89.8989890563,-76.937643931,-115.994979695
575121.707184,0,0,-55.1952083252,-89.9003763533,-76.9530072866,-119.072479505
583130.511353,0,0,-55.3153280871,-89.9017445971,-76.9544678679,-122.196279055
591250.841383,0,0,-55.4354478588,-89.9030940493,-76.9412848944,-125.367591872
599484.250319,0,0,-55.55556764,-89.9044249681,-76.9126571796,-128.58771621
607832.31283,0,0,-55.6756874305,-89.9057376079,-76.8677160511,-131.858047503
616296.625513,0,0,-55.79580723,-89.9070322198,-76.8055171581,-135.180093296
624878.807201,0,0,-55.9159270382,-89.9083090514,-76.7250309435,-138.55549124
633580.499266,0,0,-56.0360468549,-89.9095683469,-76.625131507,-141.986030927
642403.365939,0,0,-56.1561666798,-89.9108103471,-76.5045835167,-145.473680587
651349.094627,0,0,-56.2762865129,-89.9120352896,-76.3620267358,-149.02061996
660419.396233,0,0,-56.3964063538,-89.9132434086,-76.195957617,-152.629281102
669616.005485,0,0,-56.5165262022,-89.9144349352,-76.0047072612,-156.302399498
678940.68127,0,0,-56.6366460581,-89.9156100972,-75.7864148315,-160.043078661
688395.206965,0,0,-56.7567659212,-89.9167691195,-75.5389952379,-163.854872635
697981.390783,0,0,-56.8768857914,-89.9179122236,-75.260099527,-167.741892496
707701.066118,0,0,-56.9970056683,-89.9190396283,-74.9470658934,-171.708945513
717556.091894,0,0,-57.1171255519,-89.920151549,-74.596858495,-175.761719349
727548.35292,0,0,-57.2372454419,-89.9212481986,-74.2059902252,-179.907029422
737679.760253,0,0,-57.3573653382,-89.9223297866,-73.7704241097,175.846843657
747952.251562,0,0,-57.4774852406,-89.92339652,-73.2854458301,171.489685626
758367.7915,0,0,-57.5976051489,-89.9244486027,-72.7454966759,167.008685483
768928.372076,0,0,-57.7177250631,-89.9254862361,-72.143951413,162.387476226
779636.013041,0,0,-57.8378449828,-89.9265096184,-71.4728182277,157.604712839
790492.76227,0,0,-57.957964908,-89.9275189455,-70.7223266123,152.631905082
801500.696157,0,0,-58.0780848385,-89.9285144105,-69.8803515999,147.430008906
812661.920009,0,0,-58.1982047742,-89.9294962035,-68.9315961032,141.943868471
823978.568453,0,0,-58.318324715,-89.9304645126,-67.8564146512,136.092768932
835452.805838,0,0,-58.4384446606,-89.9314195227,-66.6291167736,129.753589559
847086.826656,0,0,-58.558564611,-89.9323614167,-65.2155845514,122.72905778
858882.855955,0,0,-58.678684566,-89.9332903746,-63.5703263178,114.684101507
870843.149769,0,0,-58.7988045255,-89.934206574,-61.6348719991,105.009792448
882969.995549,0,0,-58.9189244894,-89.9351101903,-59.3485786503,92.519365678
895265.7126,0,0,-59.0390444576,-89.9360013961,-56.727354508,74.8218384785
907732.652521,0,0,-59.1591644299,-89.9368803621,-54.2207714943,47.9817171108
920373.199662,0,0,-59.2792844062,-89.9377472562,-53.2636213811,12.2339841211
933189.771573,0,0,-59.3994043865,-89.9386022443,-54.4504100707,-19.7900689833
946184.819472,0,0,-59.5195243705,-89.9394454899,-56.281116393,-41.7752182788
959360.828709,0,0,-59.6396443583,-89.9402771543,-57.8441585286,-57.2161662881
972720.319245,0,0,-59.7597643497,-89.9410973965,-58.9738382302,-69.3590838422
986265.846131,0,0,-59.8798843446,-89.9419063733,-59.6845185295,-79.9405571309
1000000,0,0,-60.0000043429,-89.9427042396,-60.0000043429,-89.9427042396

